sample_id,f1_state,f2_state,f3_state,n_ped_red,n_ped_green,n_ped_off,n_ped_yellow,n_ped_redyellow,n_ped_yellow_blinking,status
0000,2,1,1,2,1,0,0,0,0,ok
0001,2,1,2,1,2,0,0,0,0,ok
0002,2,1,2,1,2,0,0,0,0,ok
0004,2,1,1,2,1,0,0,0,0,ok
0005,2,1,1,2,1,0,0,0,0,ok
0006,1,1,1,3,0,0,0,0,0,ok
0007,1,1,1,3,0,0,0,0,0,ok
0008,1,2,1,2,1,0,0,0,0,ok
0009,1,1,1,3,0,0,0,0,0,ok
0010,2,1,2,1,2,0,0,0,0,ok
0011,1,2,1,2,1,0,0,0,0,ok
0013,1,1,1,3,0,0,0,0,0,ok
0014,2,1,2,1,2,0,0,0,0,ok
0015,2,1,2,1,2,0,0,0,0,ok
0016,2,1,2,1,2,0,0,0,0,ok
0017,2,1,1,2,1,0,0,0,0,ok
0019,2,1,1,2,1,0,0,0,0,ok
0020,2,1,1,2,1,0,0,0,0,ok
0021,1,1,1,3,0,0,0,0,0,ok
0022,1,2,1,2,1,0,0,0,0,ok
0023,1,2,1,2,1,0,0,0,0,ok
0024,2,1,2,1,2,0,0,0,0,ok
0026,1,1,1,3,0,0,0,0,0,ok
0027,1,2,1,2,1,0,0,0,0,ok
0028,1,2,1,2,1,0,0,0,0,ok
0029,1,1,1,3,0,0,0,0,0,ok
0030,1,1,1,3,0,0,0,0,0,ok
0031,1,2,1,2,1,0,0,0,0,ok
0032,1,2,1,2,1,0,0,0,0,ok
0033,1,2,1,2,1,0,0,0,0,ok
0034,1,2,1,2,1,0,0,0,0,ok
0035,1,2,1,2,1,0,0,0,0,ok
0036,1,1,1,3,0,0,0,0,0,ok
0037,1,1,1,3,0,0,0,0,0,ok
0039,1,2,1,2,1,0,0,0,0,ok
0040,1,2,1,2,1,0,0,0,0,ok
0041,1,2,1,2,1,0,0,0,0,ok
0042,1,2,1,2,1,0,0,0,0,ok
0043,1,2,1,2,1,0,0,0,0,ok
0044,1,2,1,2,1,0,0,0,0,ok
0045,2,1,2,1,2,0,0,0,0,ok
0046,1,1,1,3,0,0,0,0,0,ok
0047,1,1,1,3,0,0,0,0,0,ok
0048,1,1,1,3,0,0,0,0,0,ok
0049,1,2,1,2,1,0,0,0,0,ok
0050,1,2,1,2,1,0,0,0,0,ok
0051,2,1,2,1,2,0,0,0,0,ok
0052,1,2,1,2,1,0,0,0,0,ok
0053,2,1,2,1,2,0,0,0,0,ok
0054,2,1,2,1,2,0,0,0,0,ok
0055,1,2,1,2,1,0,0,0,0,ok
0057,2,1,1,2,1,0,0,0,0,ok
0058,1,1,1,3,0,0,0,0,0,ok
0059,1,2,1,2,1,0,0,0,0,ok
0060,2,1,2,1,2,0,0,0,0,ok
0061,1,2,1,2,1,0,0,0,0,ok
0062,1,2,1,2,1,0,0,0,0,ok
0064,2,1,1,2,1,0,0,0,0,ok
0065,2,1,1,2,1,0,0,0,0,ok
0066,1,2,1,2,1,0,0,0,0,ok
0067,2,1,2,1,2,0,0,0,0,ok
0068,1,1,1,3,0,0,0,0,0,ok
0069,2,1,2,1,2,0,0,0,0,ok
0070,1,1,2,2,1,0,0,0,0,ok
0071,2,1,2,1,2,0,0,0,0,ok
0072,1,1,2,2,1,0,0,0,0,ok
0073,1,1,1,3,0,0,0,0,0,ok
0074,2,1,2,1,2,0,0,0,0,ok
0075,1,2,1,2,1,0,0,0,0,ok
0076,1,1,1,3,0,0,0,0,0,ok
0077,2,1,1,2,1,0,0,0,0,ok
0079,2,1,2,1,2,0,0,0,0,ok
0080,2,1,2,1,2,0,0,0,0,ok
0082,1,1,1,3,0,0,0,0,0,ok
0083,2,1,2,1,2,0,0,0,0,ok
0085,1,1,1,3,0,0,0,0,0,ok
0086,1,1,1,3,0,0,0,0,0,ok
0087,1,1,1,3,0,0,0,0,0,ok
0089,1,1,1,3,0,0,0,0,0,ok
0090,1,1,1,3,0,0,0,0,0,ok
0091,2,1,1,2,1,0,0,0,0,ok
0092,1,1,1,3,0,0,0,0,0,ok
0093,2,1,1,2,1,0,0,0,0,ok
0094,2,1,1,2,1,0,0,0,0,ok
0096,2,1,1,2,1,0,0,0,0,ok
0099,2,1,1,2,1,0,0,0,0,ok
0100,1,1,1,3,0,0,0,0,0,ok
0101,1,1,1,3,0,0,0,0,0,ok
0102,1,2,1,2,1,0,0,0,0,ok
0104,1,2,1,2,1,0,0,0,0,ok
0105,2,1,1,2,1,0,0,0,0,ok
0106,1,1,1,3,0,0,0,0,0,ok
0107,2,1,2,1,2,0,0,0,0,ok
0109,1,1,1,3,0,0,0,0,0,ok
0110,1,1,1,3,0,0,0,0,0,ok
0111,2,1,2,1,2,0,0,0,0,ok
0112,2,1,1,2,1,0,0,0,0,ok
0113,2,1,1,2,1,0,0,0,0,ok
0114,2,1,1,2,1,0,0,0,0,ok
0115,2,1,2,1,2,0,0,0,0,ok
0116,2,1,2,1,2,0,0,0,0,ok
0118,2,1,1,2,1,0,0,0,0,ok
0119,2,1,1,2,1,0,0,0,0,ok
0120,2,1,1,2,1,0,0,0,0,ok
0121,1,2,1,2,1,0,0,0,0,ok
0122,2,1,1,2,1,0,0,0,0,ok
0123,2,1,1,2,1,0,0,0,0,ok
0124,2,1,1,2,1,0,0,0,0,ok
0125,2,1,1,2,1,0,0,0,0,ok
0126,2,1,1,2,1,0,0,0,0,ok
0127,1,2,1,2,1,0,0,0,0,ok
0128,1,2,1,2,1,0,0,0,0,ok
0129,2,1,2,1,2,0,0,0,0,ok
0130,2,1,1,2,1,0,0,0,0,ok
0131,1,2,1,2,1,0,0,0,0,ok
0132,2,1,2,1,2,0,0,0,0,ok
0133,1,2,1,2,1,0,0,0,0,ok
0134,1,1,1,3,0,0,0,0,0,ok
0135,1,1,1,3,0,0,0,0,0,ok
0136,2,1,1,2,1,0,0,0,0,ok
0137,2,1,1,2,1,0,0,0,0,ok
0138,2,1,1,2,1,0,0,0,0,ok
0139,1,1,1,3,0,0,0,0,0,ok
0140,2,1,1,2,1,0,0,0,0,ok
0141,1,2,1,2,1,0,0,0,0,ok
0142,1,2,1,2,1,0,0,0,0,ok
0143,2,1,1,2,1,0,0,0,0,ok
0144,1,1,2,2,1,0,0,0,0,ok
0145,1,1,1,3,0,0,0,0,0,ok
0146,2,1,2,1,2,0,0,0,0,ok
0147,2,1,1,2,1,0,0,0,0,ok
0148,2,1,2,1,2,0,0,0,0,ok
0149,2,1,2,1,2,0,0,0,0,ok
0150,1,2,1,2,1,0,0,0,0,ok
0151,1,2,1,2,1,0,0,0,0,ok
0152,1,1,2,2,1,0,0,0,0,ok
0153,1,1,2,2,1,0,0,0,0,ok
0154,1,1,2,2,1,0,0,0,0,ok
0155,1,1,1,3,0,0,0,0,0,ok
0156,1,2,1,2,1,0,0,0,0,ok
3499,2,1,1,2,1,0,0,0,0,ok
3500,2,1,1,2,1,0,0,0,0,ok
3501,1,1,1,3,0,0,0,0,0,ok
3502,2,1,1,2,1,0,0,0,0,ok
3503,1,2,1,2,1,0,0,0,0,ok
3504,1,1,2,2,1,0,0,0,0,ok
3505,2,1,1,2,1,0,0,0,0,ok
3506,1,1,2,2,1,0,0,0,0,ok
3507,1,1,1,3,0,0,0,0,0,ok
3508,2,1,2,1,2,0,0,0,0,ok
3509,2,1,1,2,1,0,0,0,0,ok
3510,2,1,2,1,2,0,0,0,0,ok
3511,2,1,2,1,2,0,0,0,0,ok
3512,1,1,1,3,0,0,0,0,0,ok
3513,1,2,1,2,1,0,0,0,0,ok
3514,1,2,1,2,1,0,0,0,0,ok
3515,1,1,2,2,1,0,0,0,0,ok
3516,1,1,2,2,1,0,0,0,0,ok
3517,1,1,2,2,1,0,0,0,0,ok
0158,2,1,1,2,1,0,0,0,0,ok
0160,1,2,1,2,1,0,0,0,0,ok
0161,1,1,2,2,1,0,0,0,0,ok
0162,1,1,2,2,1,0,0,0,0,ok
0163,2,1,2,1,2,0,0,0,0,ok
0164,2,1,2,1,2,0,0,0,0,ok
0165,1,1,1,3,0,0,0,0,0,ok
0166,2,1,2,1,2,0,0,0,0,ok
0167,2,1,2,1,2,0,0,0,0,ok
0168,2,1,2,1,2,0,0,0,0,ok
0169,1,2,1,2,1,0,0,0,0,ok
0170,2,1,2,1,2,0,0,0,0,ok
0173,2,1,1,2,1,0,0,0,0,ok
0174,1,2,1,2,1,0,0,0,0,ok
0175,1,2,1,2,1,0,0,0,0,ok
0176,1,2,1,2,1,0,0,0,0,ok
0177,2,1,1,2,1,0,0,0,0,ok
0178,2,1,1,2,1,0,0,0,0,ok
0179,1,2,1,2,1,0,0,0,0,ok
0180,1,1,1,3,0,0,0,0,0,ok
0185,1,1,2,2,1,0,0,0,0,ok
0186,1,1,2,2,1,0,0,0,0,ok
0187,1,2,1,2,1,0,0,0,0,ok
0188,2,1,2,1,2,0,0,0,0,ok
0189,1,2,1,2,1,0,0,0,0,ok
0190,2,1,1,2,1,0,0,0,0,ok
0191,1,2,1,2,1,0,0,0,0,ok
0192,1,1,1,3,0,0,0,0,0,ok
0193,2,1,1,2,1,0,0,0,0,ok
0194,2,1,1,2,1,0,0,0,0,ok
0195,1,2,1,2,1,0,0,0,0,ok
0197,1,1,1,3,0,0,0,0,0,ok
0198,2,1,2,1,2,0,0,0,0,ok
0199,1,2,1,2,1,0,0,0,0,ok
0200,1,2,1,2,1,0,0,0,0,ok
0201,1,2,1,2,1,0,0,0,0,ok
0202,1,1,1,3,0,0,0,0,0,ok
0203,2,1,2,1,2,0,0,0,0,ok
0204,2,1,2,1,2,0,0,0,0,ok
0205,2,1,2,1,2,0,0,0,0,ok
0206,2,1,2,1,2,0,0,0,0,ok
0207,1,2,1,2,1,0,0,0,0,ok
0209,1,1,1,3,0,0,0,0,0,ok
0210,1,1,1,3,0,0,0,0,0,ok
0211,1,2,1,2,1,0,0,0,0,ok
0212,2,1,1,2,1,0,0,0,0,ok
0213,1,1,2,2,1,0,0,0,0,ok
0214,2,1,2,1,2,0,0,0,0,ok
0215,1,2,1,2,1,0,0,0,0,ok
0216,1,2,1,2,1,0,0,0,0,ok
0217,1,2,1,2,1,0,0,0,0,ok
0218,1,1,1,3,0,0,0,0,0,ok
0219,2,1,1,2,1,0,0,0,0,ok
0220,2,1,1,2,1,0,0,0,0,ok
0221,1,2,1,2,1,0,0,0,0,ok
0222,2,1,1,2,1,0,0,0,0,ok
0223,2,1,2,1,2,0,0,0,0,ok
0224,1,2,1,2,1,0,0,0,0,ok
0225,2,1,2,1,2,0,0,0,0,ok
0226,1,2,1,2,1,0,0,0,0,ok
0227,1,2,1,2,1,0,0,0,0,ok
0228,2,1,1,2,1,0,0,0,0,ok
0229,1,2,1,2,1,0,0,0,0,ok
0231,1,2,1,2,1,0,0,0,0,ok
0232,1,1,2,2,1,0,0,0,0,ok
0233,1,2,1,2,1,0,0,0,0,ok
0234,1,2,1,2,1,0,0,0,0,ok
0235,1,2,1,2,1,0,0,0,0,ok
0236,1,1,1,3,0,0,0,0,0,ok
0237,2,1,1,2,1,0,0,0,0,ok
0238,1,1,2,2,1,0,0,0,0,ok
0239,1,1,1,3,0,0,0,0,0,ok
0240,1,1,1,3,0,0,0,0,0,ok
0241,1,1,2,2,1,0,0,0,0,ok
0242,2,1,1,2,1,0,0,0,0,ok
0246,1,1,1,3,0,0,0,0,0,ok
0247,2,1,2,1,2,0,0,0,0,ok
0248,1,1,1,3,0,0,0,0,0,ok
0249,2,1,2,1,2,0,0,0,0,ok
0251,1,1,2,2,1,0,0,0,0,ok
0252,2,1,2,1,2,0,0,0,0,ok
0253,2,1,2,1,2,0,0,0,0,ok
0254,2,1,2,1,2,0,0,0,0,ok
0257,2,1,1,2,1,0,0,0,0,ok
0258,1,1,1,3,0,0,0,0,0,ok
0260,1,1,1,3,0,0,0,0,0,ok
0261,2,1,2,1,2,0,0,0,0,ok
0263,2,1,2,1,2,0,0,0,0,ok
0264,1,1,2,2,1,0,0,0,0,ok
0265,1,2,1,2,1,0,0,0,0,ok
0266,2,1,2,1,2,0,0,0,0,ok
0268,2,1,2,1,2,0,0,0,0,ok
0269,1,1,1,3,0,0,0,0,0,ok
0270,1,1,1,3,0,0,0,0,0,ok
0271,1,1,2,2,1,0,0,0,0,ok
0272,1,1,1,3,0,0,0,0,0,ok
0273,1,1,2,2,1,0,0,0,0,ok
0274,2,1,2,1,2,0,0,0,0,ok
0275,2,1,2,1,2,0,0,0,0,ok
0277,1,1,2,2,1,0,0,0,0,ok
0278,1,1,1,3,0,0,0,0,0,ok
0279,1,2,1,2,1,0,0,0,0,ok
0280,1,2,1,2,1,0,0,0,0,ok
0282,2,1,2,1,2,0,0,0,0,ok
0286,2,1,1,2,1,0,0,0,0,ok
0287,2,1,2,1,2,0,0,0,0,ok
0288,2,1,1,2,1,0,0,0,0,ok
0290,2,1,2,1,2,0,0,0,0,ok
0291,1,2,1,2,1,0,0,0,0,ok
0292,1,1,1,3,0,0,0,0,0,ok
0293,1,1,1,3,0,0,0,0,0,ok
0295,1,1,1,3,0,0,0,0,0,ok
0296,1,1,1,3,0,0,0,0,0,ok
0297,1,1,1,3,0,0,0,0,0,ok
0298,1,1,1,3,0,0,0,0,0,ok
0300,2,1,2,1,2,0,0,0,0,ok
0301,1,1,1,3,0,0,0,0,0,ok
0303,2,1,2,1,2,0,0,0,0,ok
0306,1,2,1,2,1,0,0,0,0,ok
0308,1,1,1,3,0,0,0,0,0,ok
0309,1,1,2,2,1,0,0,0,0,ok
0312,1,1,1,3,0,0,0,0,0,ok
0313,1,1,1,3,0,0,0,0,0,ok
0314,1,1,2,2,1,0,0,0,0,ok
0315,1,1,2,2,1,0,0,0,0,ok
0316,1,1,1,3,0,0,0,0,0,ok
0317,1,2,1,2,1,0,0,0,0,ok
0319,1,1,1,3,0,0,0,0,0,ok
0320,2,1,2,1,2,0,0,0,0,ok
0323,2,1,2,1,2,0,0,0,0,ok
0324,2,1,2,1,2,0,0,0,0,ok
0325,2,1,2,1,2,0,0,0,0,ok
0327,1,1,2,2,1,0,0,0,0,ok
0328,1,1,1,3,0,0,0,0,0,ok
0329,1,1,2,2,1,0,0,0,0,ok
0330,1,2,1,2,1,0,0,0,0,ok
0331,1,1,1,3,0,0,0,0,0,ok
0332,1,2,1,2,1,0,0,0,0,ok
0333,1,2,1,2,1,0,0,0,0,ok
0334,2,1,2,1,2,0,0,0,0,ok
0335,1,2,1,2,1,0,0,0,0,ok
0337,1,2,1,2,1,0,0,0,0,ok
0338,2,1,2,1,2,0,0,0,0,ok
0341,1,2,1,2,1,0,0,0,0,ok
0342,1,2,1,2,1,0,0,0,0,ok
0343,1,1,1,3,0,0,0,0,0,ok
0344,2,1,1,2,1,0,0,0,0,ok
0346,1,1,1,3,0,0,0,0,0,ok
0347,1,2,1,2,1,0,0,0,0,ok
0348,2,1,2,1,2,0,0,0,0,ok
0349,2,1,2,1,2,0,0,0,0,ok
0350,2,1,2,1,2,0,0,0,0,ok
0351,2,1,1,2,1,0,0,0,0,ok
0352,2,1,2,1,2,0,0,0,0,ok
0353,2,1,2,1,2,0,0,0,0,ok
0354,2,1,2,1,2,0,0,0,0,ok
0355,1,1,2,2,1,0,0,0,0,ok
0356,1,1,1,3,0,0,0,0,0,ok
0357,1,1,1,3,0,0,0,0,0,ok
0364,1,2,1,2,1,0,0,0,0,ok
0365,1,1,1,3,0,0,0,0,0,ok
0366,1,1,1,3,0,0,0,0,0,ok
0367,2,1,2,1,2,0,0,0,0,ok
0368,2,1,2,1,2,0,0,0,0,ok
0369,1,1,1,3,0,0,0,0,0,ok
0370,2,1,2,1,2,0,0,0,0,ok
0371,1,2,1,2,1,0,0,0,0,ok
0372,2,1,2,1,2,0,0,0,0,ok
0373,2,1,2,1,2,0,0,0,0,ok
0374,1,1,2,2,1,0,0,0,0,ok
0375,2,1,2,1,2,0,0,0,0,ok
0376,2,1,2,1,2,0,0,0,0,ok
0377,1,1,2,2,1,0,0,0,0,ok
0381,1,1,2,2,1,0,0,0,0,ok
0382,1,1,2,2,1,0,0,0,0,ok
0383,1,1,2,2,1,0,0,0,0,ok
0384,2,1,2,1,2,0,0,0,0,ok
0385,2,1,2,1,2,0,0,0,0,ok
0386,1,2,1,2,1,0,0,0,0,ok
0387,1,2,1,2,1,0,0,0,0,ok
0388,2,1,2,1,2,0,0,0,0,ok
0389,1,1,1,3,0,0,0,0,0,ok
0390,1,2,1,2,1,0,0,0,0,ok
0391,1,1,2,2,1,0,0,0,0,ok
0392,2,1,2,1,2,0,0,0,0,ok
0393,1,2,1,2,1,0,0,0,0,ok
0395,2,1,1,2,1,0,0,0,0,ok
0396,1,2,1,2,1,0,0,0,0,ok
0397,1,1,1,3,0,0,0,0,0,ok
0400,1,2,1,2,1,0,0,0,0,ok
0401,1,2,1,2,1,0,0,0,0,ok
0402,1,1,1,3,0,0,0,0,0,ok
0403,1,1,1,3,0,0,0,0,0,ok
0404,1,1,1,3,0,0,0,0,0,ok
0405,1,1,1,3,0,0,0,0,0,ok
0406,2,1,2,1,2,0,0,0,0,ok
0407,2,1,2,1,2,0,0,0,0,ok
0408,1,1,1,3,0,0,0,0,0,ok
0409,2,1,2,1,2,0,0,0,0,ok
0410,2,1,2,1,2,0,0,0,0,ok
0411,2,1,2,1,2,0,0,0,0,ok
0412,2,1,2,1,2,0,0,0,0,ok
0413,1,2,1,2,1,0,0,0,0,ok
0414,2,1,2,1,2,0,0,0,0,ok
0417,2,1,2,1,2,0,0,0,0,ok
0419,1,1,1,3,0,0,0,0,0,ok
0427,1,2,1,2,1,0,0,0,0,ok
0429,1,2,1,2,1,0,0,0,0,ok
0430,1,1,1,3,0,0,0,0,0,ok
0431,2,1,1,2,1,0,0,0,0,ok
0432,1,2,1,2,1,0,0,0,0,ok
0433,2,1,2,1,2,0,0,0,0,ok
0435,1,1,2,2,1,0,0,0,0,ok
0436,2,1,2,1,2,0,0,0,0,ok
0438,2,1,2,1,2,0,0,0,0,ok
0440,1,1,1,3,0,0,0,0,0,ok
0441,1,1,2,2,1,0,0,0,0,ok
0442,1,1,1,3,0,0,0,0,0,ok
0443,2,1,2,1,2,0,0,0,0,ok
0444,2,1,2,1,2,0,0,0,0,ok
0445,1,1,1,3,0,0,0,0,0,ok
0446,1,2,1,2,1,0,0,0,0,ok
0447,2,1,2,1,2,0,0,0,0,ok
0448,2,1,2,1,2,0,0,0,0,ok
0450,2,1,2,1,2,0,0,0,0,ok
0451,2,1,2,1,2,0,0,0,0,ok
0452,2,1,2,1,2,0,0,0,0,ok
0453,2,1,2,1,2,0,0,0,0,ok
0454,2,1,2,1,2,0,0,0,0,ok
0455,1,1,2,2,1,0,0,0,0,ok
0456,2,1,2,1,2,0,0,0,0,ok
0457,1,1,2,2,1,0,0,0,0,ok
0458,1,2,1,2,1,0,0,0,0,ok
0459,1,2,1,2,1,0,0,0,0,ok
0460,1,2,1,2,1,0,0,0,0,ok
0461,1,2,1,2,1,0,0,0,0,ok
0462,1,1,1,3,0,0,0,0,0,ok
0463,1,1,1,3,0,0,0,0,0,ok
0464,2,1,2,1,2,0,0,0,0,ok
0465,2,1,2,1,2,0,0,0,0,ok
0466,1,1,1,3,0,0,0,0,0,ok
0470,2,1,2,1,2,0,0,0,0,ok
0471,1,2,1,2,1,0,0,0,0,ok
0472,2,1,2,1,2,0,0,0,0,ok
0473,1,1,2,2,1,0,0,0,0,ok
0474,2,1,2,1,2,0,0,0,0,ok
0478,1,1,1,3,0,0,0,0,0,ok
0479,1,2,1,2,1,0,0,0,0,ok
0480,1,2,1,2,1,0,0,0,0,ok
0483,1,1,1,3,0,0,0,0,0,ok
0490,1,2,1,2,1,0,0,0,0,ok
0491,1,2,1,2,1,0,0,0,0,ok
0492,1,2,1,2,1,0,0,0,0,ok
0493,2,1,1,2,1,0,0,0,0,ok
0494,1,1,1,3,0,0,0,0,0,ok
0496,1,1,1,3,0,0,0,0,0,ok
0497,2,1,1,2,1,0,0,0,0,ok
0498,2,1,2,1,2,0,0,0,0,ok
0499,2,1,1,2,1,0,0,0,0,ok
0500,1,1,1,3,0,0,0,0,0,ok
0501,1,1,1,3,0,0,0,0,0,ok
0502,2,1,2,1,2,0,0,0,0,ok
0504,1,1,2,2,1,0,0,0,0,ok
0505,2,1,2,1,2,0,0,0,0,ok
0506,1,1,1,3,0,0,0,0,0,ok
0507,2,1,2,1,2,0,0,0,0,ok
0508,1,1,2,2,1,0,0,0,0,ok
0509,1,1,2,2,1,0,0,0,0,ok
0510,1,2,1,2,1,0,0,0,0,ok
0512,1,2,1,2,1,0,0,0,0,ok
0513,1,2,1,2,1,0,0,0,0,ok
0514,1,1,1,3,0,0,0,0,0,ok
0515,2,1,2,1,2,0,0,0,0,ok
0517,2,1,1,2,1,0,0,0,0,ok
0518,2,1,1,2,1,0,0,0,0,ok
0519,2,1,1,2,1,0,0,0,0,ok
0521,2,1,2,1,2,0,0,0,0,ok
0523,1,1,1,3,0,0,0,0,0,ok
0524,1,2,1,2,1,0,0,0,0,ok
0528,2,1,2,1,2,0,0,0,0,ok
0529,2,1,2,1,2,0,0,0,0,ok
0530,1,1,1,3,0,0,0,0,0,ok
0533,1,1,1,3,0,0,0,0,0,ok
0534,1,1,1,3,0,0,0,0,0,ok
0541,2,1,2,1,2,0,0,0,0,ok
0544,1,1,1,3,0,0,0,0,0,ok
0545,1,1,1,3,0,0,0,0,0,ok
0549,1,1,1,3,0,0,0,0,0,ok
0552,2,1,2,1,2,0,0,0,0,ok
0553,2,1,1,2,1,0,0,0,0,ok
0554,2,1,2,1,2,0,0,0,0,ok
0555,1,1,1,3,0,0,0,0,0,ok
0556,2,1,2,1,2,0,0,0,0,ok
0557,2,1,2,1,2,0,0,0,0,ok
0563,1,2,1,2,1,0,0,0,0,ok
0564,1,2,1,2,1,0,0,0,0,ok
0565,1,1,2,2,1,0,0,0,0,ok
0566,2,1,2,1,2,0,0,0,0,ok
0567,1,2,1,2,1,0,0,0,0,ok
0568,1,1,2,2,1,0,0,0,0,ok
0573,1,1,1,3,0,0,0,0,0,ok
0574,1,2,1,2,1,0,0,0,0,ok
0575,1,1,1,3,0,0,0,0,0,ok
0578,1,1,1,3,0,0,0,0,0,ok
0579,2,1,2,1,2,0,0,0,0,ok
0583,1,1,1,3,0,0,0,0,0,ok
0584,1,1,1,3,0,0,0,0,0,ok
0585,2,1,2,1,2,0,0,0,0,ok
0588,2,1,2,1,2,0,0,0,0,ok
0589,1,1,1,3,0,0,0,0,0,ok
0591,1,2,1,2,1,0,0,0,0,ok
0595,1,1,1,3,0,0,0,0,0,ok
0596,2,1,2,1,2,0,0,0,0,ok
0597,2,1,2,1,2,0,0,0,0,ok
0598,2,1,2,1,2,0,0,0,0,ok
0599,2,1,2,1,2,0,0,0,0,ok
0600,2,1,2,1,2,0,0,0,0,ok
0602,2,1,2,1,2,0,0,0,0,ok
0603,2,1,2,1,2,0,0,0,0,ok
0608,2,1,1,2,1,0,0,0,0,ok
0611,2,1,2,1,2,0,0,0,0,ok
0612,2,1,2,1,2,0,0,0,0,ok
0613,1,1,1,3,0,0,0,0,0,ok
0614,1,1,2,2,1,0,0,0,0,ok
0623,1,2,1,2,1,0,0,0,0,ok
0624,1,2,1,2,1,0,0,0,0,ok
0628,2,1,1,2,1,0,0,0,0,ok
0629,2,1,1,2,1,0,0,0,0,ok
0630,1,1,1,3,0,0,0,0,0,ok
0631,2,1,2,1,2,0,0,0,0,ok
0632,2,1,2,1,2,0,0,0,0,ok
0633,2,1,2,1,2,0,0,0,0,ok
0634,1,1,1,3,0,0,0,0,0,ok
0635,2,1,2,1,2,0,0,0,0,ok
0636,1,1,1,3,0,0,0,0,0,ok
0638,1,1,1,3,0,0,0,0,0,ok
0639,1,1,1,3,0,0,0,0,0,ok
0640,1,1,1,3,0,0,0,0,0,ok
0644,2,1,2,1,2,0,0,0,0,ok
0645,2,1,2,1,2,0,0,0,0,ok
0646,2,1,2,1,2,0,0,0,0,ok
0647,2,1,2,1,2,0,0,0,0,ok
0650,1,1,2,2,1,0,0,0,0,ok
0652,2,1,2,1,2,0,0,0,0,ok
0654,2,1,2,1,2,0,0,0,0,ok
0655,2,1,2,1,2,0,0,0,0,ok
0656,1,1,1,3,0,0,0,0,0,ok
0660,1,2,1,2,1,0,0,0,0,ok
0661,1,2,1,2,1,0,0,0,0,ok
0662,1,1,1,3,0,0,0,0,0,ok
0667,2,1,2,1,2,0,0,0,0,ok
0668,2,1,2,1,2,0,0,0,0,ok
0669,2,1,2,1,2,0,0,0,0,ok
0670,1,1,2,2,1,0,0,0,0,ok
0673,2,1,2,1,2,0,0,0,0,ok
0674,2,1,2,1,2,0,0,0,0,ok
0682,1,1,1,3,0,0,0,0,0,ok
0684,2,1,2,1,2,0,0,0,0,ok
0685,1,1,1,3,0,0,0,0,0,ok
0686,2,1,2,1,2,0,0,0,0,ok
0687,2,1,2,1,2,0,0,0,0,ok
0689,1,2,1,2,1,0,0,0,0,ok
0691,1,1,1,3,0,0,0,0,0,ok
0692,1,1,1,3,0,0,0,0,0,ok
0697,1,1,1,3,0,0,0,0,0,ok
0699,1,1,1,3,0,0,0,0,0,ok
0700,2,1,1,2,1,0,0,0,0,ok
0701,2,1,1,2,1,0,0,0,0,ok
0706,1,1,1,3,0,0,0,0,0,ok
0707,1,1,2,2,1,0,0,0,0,ok
0708,1,2,1,2,1,0,0,0,0,ok
0709,1,1,2,2,1,0,0,0,0,ok
0710,1,1,1,3,0,0,0,0,0,ok
0716,2,1,1,2,1,0,0,0,0,ok
0717,2,1,2,1,2,0,0,0,0,ok
0718,2,1,1,2,1,0,0,0,0,ok
0719,2,1,1,2,1,0,0,0,0,ok
0720,2,1,1,2,1,0,0,0,0,ok
0722,1,1,1,3,0,0,0,0,0,ok
0723,2,1,1,2,1,0,0,0,0,ok
0724,1,2,1,2,1,0,0,0,0,ok
0725,1,2,1,2,1,0,0,0,0,ok
0726,1,2,1,2,1,0,0,0,0,ok
0727,1,2,1,2,1,0,0,0,0,ok
0728,1,1,1,3,0,0,0,0,0,ok
0729,2,1,1,2,1,0,0,0,0,ok
0730,2,1,1,2,1,0,0,0,0,ok
0731,2,1,1,2,1,0,0,0,0,ok
0732,2,1,1,2,1,0,0,0,0,ok
0733,1,1,2,2,1,0,0,0,0,ok
0734,1,1,1,3,0,0,0,0,0,ok
0735,1,1,2,2,1,0,0,0,0,ok
0736,1,2,1,2,1,0,0,0,0,ok
0737,2,1,2,1,2,0,0,0,0,ok
0738,1,2,1,2,1,0,0,0,0,ok
0739,1,2,1,2,1,0,0,0,0,ok
0740,1,2,1,2,1,0,0,0,0,ok
0742,1,1,2,2,1,0,0,0,0,ok
0743,1,1,1,3,0,0,0,0,0,ok
0745,2,1,1,2,1,0,0,0,0,ok
0746,1,1,2,2,1,0,0,0,0,ok
0747,2,1,1,2,1,0,0,0,0,ok
0749,2,1,2,1,2,0,0,0,0,ok
0753,1,1,1,3,0,0,0,0,0,ok
0755,2,1,2,1,2,0,0,0,0,ok
0761,2,1,2,1,2,0,0,0,0,ok
0763,2,1,2,1,2,0,0,0,0,ok
0764,2,1,2,1,2,0,0,0,0,ok
0767,1,1,1,3,0,0,0,0,0,ok
0768,1,1,1,3,0,0,0,0,0,ok
0769,2,1,2,1,2,0,0,0,0,ok
0772,1,1,1,3,0,0,0,0,0,ok
0774,2,1,2,1,2,0,0,0,0,ok
0775,2,1,2,1,2,0,0,0,0,ok
0776,2,1,2,1,2,0,0,0,0,ok
0777,2,1,2,1,2,0,0,0,0,ok
0778,2,1,2,1,2,0,0,0,0,ok
0780,1,1,1,3,0,0,0,0,0,ok
0781,1,1,2,2,1,0,0,0,0,ok
0782,1,2,1,2,1,0,0,0,0,ok
0785,1,1,1,3,0,0,0,0,0,ok
0786,1,2,1,2,1,0,0,0,0,ok
0787,1,2,1,2,1,0,0,0,0,ok
0788,1,1,1,3,0,0,0,0,0,ok
0789,1,1,1,3,0,0,0,0,0,ok
0790,1,1,1,3,0,0,0,0,0,ok
0791,1,1,2,2,1,0,0,0,0,ok
0793,1,1,2,2,1,0,0,0,0,ok
0794,2,1,1,2,1,0,0,0,0,ok
0796,1,1,2,2,1,0,0,0,0,ok
0797,2,1,2,1,2,0,0,0,0,ok
0800,2,1,2,1,2,0,0,0,0,ok
0802,2,1,2,1,2,0,0,0,0,ok
0807,1,1,1,3,0,0,0,0,0,ok
0808,1,1,1,3,0,0,0,0,0,ok
0809,1,2,1,2,1,0,0,0,0,ok
0811,1,1,1,3,0,0,0,0,0,ok
0812,1,1,1,3,0,0,0,0,0,ok
0813,1,1,1,3,0,0,0,0,0,ok
0814,1,1,1,3,0,0,0,0,0,ok
0815,1,2,1,2,1,0,0,0,0,ok
0817,1,1,1,3,0,0,0,0,0,ok
0818,1,1,1,3,0,0,0,0,0,ok
0820,1,2,1,2,1,0,0,0,0,ok
0821,2,1,1,2,1,0,0,0,0,ok
0822,2,1,2,1,2,0,0,0,0,ok
0823,2,1,2,1,2,0,0,0,0,ok
0825,2,1,2,1,2,0,0,0,0,ok
0827,1,2,1,2,1,0,0,0,0,ok
0828,1,2,1,2,1,0,0,0,0,ok
0830,1,1,2,2,1,0,0,0,0,ok
0831,1,2,1,2,1,0,0,0,0,ok
0832,1,1,1,3,0,0,0,0,0,ok
0833,1,1,1,3,0,0,0,0,0,ok
0837,1,1,1,3,0,0,0,0,0,ok
0843,2,1,2,1,2,0,0,0,0,ok
0844,2,1,2,1,2,0,0,0,0,ok
0845,2,1,2,1,2,0,0,0,0,ok
0846,2,1,2,1,2,0,0,0,0,ok
0849,1,1,1,3,0,0,0,0,0,ok
0850,1,2,1,2,1,0,0,0,0,ok
0851,1,2,1,2,1,0,0,0,0,ok
0852,1,1,2,2,1,0,0,0,0,ok
0853,2,1,2,1,2,0,0,0,0,ok
0855,1,1,1,3,0,0,0,0,0,ok
0858,1,1,1,3,0,0,0,0,0,ok
0859,2,1,2,1,2,0,0,0,0,ok
0860,2,1,2,1,2,0,0,0,0,ok
0861,2,1,2,1,2,0,0,0,0,ok
0863,1,2,1,2,1,0,0,0,0,ok
0864,1,2,1,2,1,0,0,0,0,ok
0865,1,2,1,2,1,0,0,0,0,ok
0866,1,2,1,2,1,0,0,0,0,ok
0867,1,1,1,3,0,0,0,0,0,ok
0868,1,1,1,3,0,0,0,0,0,ok
0872,1,1,2,2,1,0,0,0,0,ok
0879,1,1,1,3,0,0,0,0,0,ok
0885,1,1,2,2,1,0,0,0,0,ok
0886,2,1,2,1,2,0,0,0,0,ok
0887,2,1,2,1,2,0,0,0,0,ok
0888,2,1,2,1,2,0,0,0,0,ok
0889,1,1,1,3,0,0,0,0,0,ok
0890,1,1,1,3,0,0,0,0,0,ok
0891,2,1,1,2,1,0,0,0,0,ok
0892,2,1,2,1,2,0,0,0,0,ok
0893,2,1,2,1,2,0,0,0,0,ok
0894,1,1,2,2,1,0,0,0,0,ok
0897,2,1,2,1,2,0,0,0,0,ok
0899,1,1,1,3,0,0,0,0,0,ok
0901,2,1,2,1,2,0,0,0,0,ok
0903,1,2,1,2,1,0,0,0,0,ok
0906,1,1,1,3,0,0,0,0,0,ok
0910,1,1,1,3,0,0,0,0,0,ok
0911,2,1,2,1,2,0,0,0,0,ok
0912,2,1,2,1,2,0,0,0,0,ok
0919,2,1,2,1,2,0,0,0,0,ok
0920,2,1,2,1,2,0,0,0,0,ok
0921,1,1,2,2,1,0,0,0,0,ok
0922,2,1,2,1,2,0,0,0,0,ok
0923,2,1,2,1,2,0,0,0,0,ok
0924,2,1,2,1,2,0,0,0,0,ok
0925,2,1,2,1,2,0,0,0,0,ok
0926,2,1,2,1,2,0,0,0,0,ok
0927,1,1,2,2,1,0,0,0,0,ok
0932,1,2,1,2,1,0,0,0,0,ok
0933,1,1,1,3,0,0,0,0,0,ok
0934,1,1,2,2,1,0,0,0,0,ok
0940,2,1,2,1,2,0,0,0,0,ok
0941,1,1,1,3,0,0,0,0,0,ok
0942,2,1,2,1,2,0,0,0,0,ok
0944,1,1,1,3,0,0,0,0,0,ok
0946,1,1,2,2,1,0,0,0,0,ok
0947,2,1,2,1,2,0,0,0,0,ok
0950,2,1,1,2,1,0,0,0,0,ok
0951,1,1,2,2,1,0,0,0,0,ok
0955,1,1,1,3,0,0,0,0,0,ok
0958,1,1,2,2,1,0,0,0,0,ok
0959,1,1,2,2,1,0,0,0,0,ok
0960,2,1,1,2,1,0,0,0,0,ok
0961,2,1,1,2,1,0,0,0,0,ok
0963,2,1,2,1,2,0,0,0,0,ok
0966,1,1,2,2,1,0,0,0,0,ok
0967,1,1,1,3,0,0,0,0,0,ok
0968,1,1,1,3,0,0,0,0,0,ok
0969,2,1,2,1,2,0,0,0,0,ok
0970,1,2,1,2,1,0,0,0,0,ok
0972,1,1,1,3,0,0,0,0,0,ok
0973,2,1,2,1,2,0,0,0,0,ok
0974,1,2,1,2,1,0,0,0,0,ok
0976,2,1,2,1,2,0,0,0,0,ok
0979,1,2,1,2,1,0,0,0,0,ok
0982,2,1,2,1,2,0,0,0,0,ok
0985,2,1,2,1,2,0,0,0,0,ok
0988,2,1,2,1,2,0,0,0,0,ok
0990,1,2,1,2,1,0,0,0,0,ok
0991,2,1,2,1,2,0,0,0,0,ok
0995,1,1,1,3,0,0,0,0,0,ok
0996,2,1,2,1,2,0,0,0,0,ok
0997,2,1,2,1,2,0,0,0,0,ok
0998,2,1,2,1,2,0,0,0,0,ok
1007,1,1,2,2,1,0,0,0,0,ok
1009,1,1,1,3,0,0,0,0,0,ok
1011,1,1,1,3,0,0,0,0,0,ok
1013,2,1,2,1,2,0,0,0,0,ok
1020,2,1,2,1,2,0,0,0,0,ok
1021,2,1,2,1,2,0,0,0,0,ok
1022,2,1,2,1,2,0,0,0,0,ok
1023,1,2,1,2,1,0,0,0,0,ok
1024,2,1,2,1,2,0,0,0,0,ok
1025,1,1,1,3,0,0,0,0,0,ok
1026,1,1,1,3,0,0,0,0,0,ok
1032,2,1,2,1,2,0,0,0,0,ok
1033,1,1,2,2,1,0,0,0,0,ok
1034,2,1,2,1,2,0,0,0,0,ok
1037,2,1,2,1,2,0,0,0,0,ok
1040,2,1,2,1,2,0,0,0,0,ok
1041,2,1,2,1,2,0,0,0,0,ok
1044,1,1,2,2,1,0,0,0,0,ok
1045,2,1,2,1,2,0,0,0,0,ok
1046,2,1,2,1,2,0,0,0,0,ok
1047,2,1,2,1,2,0,0,0,0,ok
1053,2,1,1,2,1,0,0,0,0,ok
1054,1,1,2,2,1,0,0,0,0,ok
1055,1,1,1,3,0,0,0,0,0,ok
1056,2,1,2,1,2,0,0,0,0,ok
1057,2,1,2,1,2,0,0,0,0,ok
1059,1,1,1,3,0,0,0,0,0,ok
1060,2,1,2,1,2,0,0,0,0,ok
1061,2,1,2,1,2,0,0,0,0,ok
1062,1,1,1,3,0,0,0,0,0,ok
1067,2,1,1,2,1,0,0,0,0,ok
1068,2,1,1,2,1,0,0,0,0,ok
1069,1,1,1,3,0,0,0,0,0,ok
1070,1,1,2,2,1,0,0,0,0,ok
1071,2,1,2,1,2,0,0,0,0,ok
1072,1,1,1,3,0,0,0,0,0,ok
1073,2,1,2,1,2,0,0,0,0,ok
1075,1,2,1,2,1,0,0,0,0,ok
1076,1,1,1,3,0,0,0,0,0,ok
1077,2,1,2,1,2,0,0,0,0,ok
1078,2,1,2,1,2,0,0,0,0,ok
1079,2,1,1,2,1,0,0,0,0,ok
1080,1,1,2,2,1,0,0,0,0,ok
1081,2,1,2,1,2,0,0,0,0,ok
1082,2,1,2,1,2,0,0,0,0,ok
1083,1,1,1,3,0,0,0,0,0,ok
1084,1,1,1,3,0,0,0,0,0,ok
1085,2,1,2,1,2,0,0,0,0,ok
1087,1,1,1,3,0,0,0,0,0,ok
1090,1,1,1,3,0,0,0,0,0,ok
1093,2,1,2,1,2,0,0,0,0,ok
1095,1,1,2,2,1,0,0,0,0,ok
1096,1,2,1,2,1,0,0,0,0,ok
1100,1,1,1,3,0,0,0,0,0,ok
1101,1,2,1,2,1,0,0,0,0,ok
1102,1,2,1,2,1,0,0,0,0,ok
1103,2,1,2,1,2,0,0,0,0,ok
1104,1,1,1,3,0,0,0,0,0,ok
1105,2,1,2,1,2,0,0,0,0,ok
1109,1,1,1,3,0,0,0,0,0,ok
1117,2,1,2,1,2,0,0,0,0,ok
1118,2,1,2,1,2,0,0,0,0,ok
1120,2,1,2,1,2,0,0,0,0,ok
1121,2,1,2,1,2,0,0,0,0,ok
1129,1,2,1,2,1,0,0,0,0,ok
1131,1,1,1,3,0,0,0,0,0,ok
1132,2,1,2,1,2,0,0,0,0,ok
1134,1,1,1,3,0,0,0,0,0,ok
1146,1,1,1,3,0,0,0,0,0,ok
1147,2,1,1,2,1,0,0,0,0,ok
1149,2,1,2,1,2,0,0,0,0,ok
1150,2,1,2,1,2,0,0,0,0,ok
1151,1,2,1,2,1,0,0,0,0,ok
1153,2,1,2,1,2,0,0,0,0,ok
1154,2,1,2,1,2,0,0,0,0,ok
1155,2,1,1,2,1,0,0,0,0,ok
1159,1,1,1,3,0,0,0,0,0,ok
1160,1,1,1,3,0,0,0,0,0,ok
1161,1,1,1,3,0,0,0,0,0,ok
1162,1,1,1,3,0,0,0,0,0,ok
1165,1,1,1,3,0,0,0,0,0,ok
1166,2,1,2,1,2,0,0,0,0,ok
1167,2,1,2,1,2,0,0,0,0,ok
1172,1,1,1,3,0,0,0,0,0,ok
1173,1,1,1,3,0,0,0,0,0,ok
1174,2,1,1,2,1,0,0,0,0,ok
1175,2,1,1,2,1,0,0,0,0,ok
1176,2,1,1,2,1,0,0,0,0,ok
1178,1,1,1,3,0,0,0,0,0,ok
1182,2,1,2,1,2,0,0,0,0,ok
1184,2,1,2,1,2,0,0,0,0,ok
1186,1,1,1,3,0,0,0,0,0,ok
1193,1,1,1,3,0,0,0,0,0,ok
1202,2,1,1,2,1,0,0,0,0,ok
1214,1,1,1,3,0,0,0,0,0,ok
1216,1,2,1,2,1,0,0,0,0,ok
1217,1,1,1,3,0,0,0,0,0,ok
1218,2,1,2,1,2,0,0,0,0,ok
1219,2,1,2,1,2,0,0,0,0,ok
1225,1,1,1,3,0,0,0,0,0,ok
1226,1,1,1,3,0,0,0,0,0,ok
1227,1,2,1,2,1,0,0,0,0,ok
1228,1,1,1,3,0,0,0,0,0,ok
1229,1,2,1,2,1,0,0,0,0,ok
1230,1,2,1,2,1,0,0,0,0,ok
1231,2,1,2,1,2,0,0,0,0,ok
1232,1,1,1,3,0,0,0,0,0,ok
1234,1,1,1,3,0,0,0,0,0,ok
1235,1,1,1,3,0,0,0,0,0,ok
1236,1,2,1,2,1,0,0,0,0,ok
1237,2,1,2,1,2,0,0,0,0,ok
1239,1,2,1,2,1,0,0,0,0,ok
1240,1,1,2,2,1,0,0,0,0,ok
1242,1,1,2,2,1,0,0,0,0,ok
1243,1,1,2,2,1,0,0,0,0,ok
1244,1,1,1,3,0,0,0,0,0,ok
1245,1,1,1,3,0,0,0,0,0,ok
1248,2,1,2,1,2,0,0,0,0,ok
1249,2,1,2,1,2,0,0,0,0,ok
1250,2,1,2,1,2,0,0,0,0,ok
1251,1,1,1,3,0,0,0,0,0,ok
1253,1,1,1,3,0,0,0,0,0,ok
1254,1,1,2,2,1,0,0,0,0,ok
1255,2,1,2,1,2,0,0,0,0,ok
1256,1,1,1,3,0,0,0,0,0,ok
1258,2,1,2,1,2,0,0,0,0,ok
1259,2,1,2,1,2,0,0,0,0,ok
1264,2,1,2,1,2,0,0,0,0,ok
1265,2,1,2,1,2,0,0,0,0,ok
1267,1,1,2,2,1,0,0,0,0,ok
1268,1,1,1,3,0,0,0,0,0,ok
1273,1,1,1,3,0,0,0,0,0,ok
1283,1,1,2,2,1,0,0,0,0,ok
1284,1,1,2,2,1,0,0,0,0,ok
1286,1,1,1,3,0,0,0,0,0,ok
1288,1,1,1,3,0,0,0,0,0,ok
1290,1,1,1,3,0,0,0,0,0,ok
1291,2,1,2,1,2,0,0,0,0,ok
1293,1,2,1,2,1,0,0,0,0,ok
1300,1,1,2,2,1,0,0,0,0,ok
1301,1,2,1,2,1,0,0,0,0,ok
1302,1,2,1,2,1,0,0,0,0,ok
1303,1,1,1,3,0,0,0,0,0,ok
1304,1,1,2,2,1,0,0,0,0,ok
1305,2,1,1,2,1,0,0,0,0,ok
1306,2,1,2,1,2,0,0,0,0,ok
1308,2,1,2,1,2,0,0,0,0,ok
1309,2,1,1,2,1,0,0,0,0,ok
1310,2,1,2,1,2,0,0,0,0,ok
1312,1,1,2,2,1,0,0,0,0,ok
1313,1,2,1,2,1,0,0,0,0,ok
1314,1,2,1,2,1,0,0,0,0,ok
1315,2,1,2,1,2,0,0,0,0,ok
1316,2,1,2,1,2,0,0,0,0,ok
1317,2,1,2,1,2,0,0,0,0,ok
1318,2,1,1,2,1,0,0,0,0,ok
1320,1,1,1,3,0,0,0,0,0,ok
1321,1,1,1,3,0,0,0,0,0,ok
1322,2,1,1,2,1,0,0,0,0,ok
1324,2,1,2,1,2,0,0,0,0,ok
1327,2,1,2,1,2,0,0,0,0,ok
1328,2,1,1,2,1,0,0,0,0,ok
1329,2,1,1,2,1,0,0,0,0,ok
1330,1,2,1,2,1,0,0,0,0,ok
1332,1,1,2,2,1,0,0,0,0,ok
1333,2,1,2,1,2,0,0,0,0,ok
1334,2,1,2,1,2,0,0,0,0,ok
1338,2,1,1,2,1,0,0,0,0,ok
1339,1,2,1,2,1,0,0,0,0,ok
1341,1,1,1,3,0,0,0,0,0,ok
1342,1,1,1,3,0,0,0,0,0,ok
1343,2,1,1,2,1,0,0,0,0,ok
1344,1,1,1,3,0,0,0,0,0,ok
1345,2,1,2,1,2,0,0,0,0,ok
1346,2,1,1,2,1,0,0,0,0,ok
1348,2,1,1,2,1,0,0,0,0,ok
1349,2,1,1,2,1,0,0,0,0,ok
1351,2,1,2,1,2,0,0,0,0,ok
1353,1,1,1,3,0,0,0,0,0,ok
1354,2,1,1,2,1,0,0,0,0,ok
1356,2,1,2,1,2,0,0,0,0,ok
1358,2,1,2,1,2,0,0,0,0,ok
1359,1,1,1,3,0,0,0,0,0,ok
1362,1,1,1,3,0,0,0,0,0,ok
1363,2,1,1,2,1,0,0,0,0,ok
1364,1,1,2,2,1,0,0,0,0,ok
1365,1,1,1,3,0,0,0,0,0,ok
1366,1,1,2,2,1,0,0,0,0,ok
1368,1,1,2,2,1,0,0,0,0,ok
1371,1,2,1,2,1,0,0,0,0,ok
1372,2,1,1,2,1,0,0,0,0,ok
1373,1,1,2,2,1,0,0,0,0,ok
1374,2,1,2,1,2,0,0,0,0,ok
1375,2,1,2,1,2,0,0,0,0,ok
1376,2,1,2,1,2,0,0,0,0,ok
1377,2,1,2,1,2,0,0,0,0,ok
1378,1,2,1,2,1,0,0,0,0,ok
1379,1,1,1,3,0,0,0,0,0,ok
1382,1,1,1,3,0,0,0,0,0,ok
1383,2,1,2,1,2,0,0,0,0,ok
1389,2,1,2,1,2,0,0,0,0,ok
1390,1,1,1,3,0,0,0,0,0,ok
1391,1,1,2,2,1,0,0,0,0,ok
1392,2,1,2,1,2,0,0,0,0,ok
1393,2,1,2,1,2,0,0,0,0,ok
1394,1,1,1,3,0,0,0,0,0,ok
1395,2,1,2,1,2,0,0,0,0,ok
1396,2,1,2,1,2,0,0,0,0,ok
1398,1,1,1,3,0,0,0,0,0,ok
1399,1,1,1,3,0,0,0,0,0,ok
1400,1,2,1,2,1,0,0,0,0,ok
1401,1,1,1,3,0,0,0,0,0,ok
1402,1,1,1,3,0,0,0,0,0,ok
1403,1,1,1,3,0,0,0,0,0,ok
1404,2,1,2,1,2,0,0,0,0,ok
1405,2,1,2,1,2,0,0,0,0,ok
1407,1,1,1,3,0,0,0,0,0,ok
1409,1,1,2,2,1,0,0,0,0,ok
1410,2,1,1,2,1,0,0,0,0,ok
1411,1,1,2,2,1,0,0,0,0,ok
1412,1,1,2,2,1,0,0,0,0,ok
1413,1,2,1,2,1,0,0,0,0,ok
1414,2,1,2,1,2,0,0,0,0,ok
1415,2,1,1,2,1,0,0,0,0,ok
1416,2,1,2,1,2,0,0,0,0,ok
1417,2,1,2,1,2,0,0,0,0,ok
1418,2,1,1,2,1,0,0,0,0,ok
1419,1,2,1,2,1,0,0,0,0,ok
1420,2,1,2,1,2,0,0,0,0,ok
1421,1,1,2,2,1,0,0,0,0,ok
1422,2,1,2,1,2,0,0,0,0,ok
1423,1,1,1,3,0,0,0,0,0,ok
1425,1,1,2,2,1,0,0,0,0,ok
1426,1,1,1,3,0,0,0,0,0,ok
1428,2,1,2,1,2,0,0,0,0,ok
1429,1,1,2,2,1,0,0,0,0,ok
1430,1,1,1,3,0,0,0,0,0,ok
1431,2,1,2,1,2,0,0,0,0,ok
1432,1,2,1,2,1,0,0,0,0,ok
1433,1,1,1,3,0,0,0,0,0,ok
1434,1,2,1,2,1,0,0,0,0,ok
1435,1,1,1,3,0,0,0,0,0,ok
1437,1,1,1,3,0,0,0,0,0,ok
1438,1,1,1,3,0,0,0,0,0,ok
1439,1,2,1,2,1,0,0,0,0,ok
1441,1,2,1,2,1,0,0,0,0,ok
1442,1,2,1,2,1,0,0,0,0,ok
1443,1,1,1,3,0,0,0,0,0,ok
1444,1,2,1,2,1,0,0,0,0,ok
1446,1,1,2,2,1,0,0,0,0,ok
1448,2,1,2,1,2,0,0,0,0,ok
1449,2,1,2,1,2,0,0,0,0,ok
1450,2,1,2,1,2,0,0,0,0,ok
1452,1,1,2,2,1,0,0,0,0,ok
1454,2,1,1,2,1,0,0,0,0,ok
1455,1,1,1,3,0,0,0,0,0,ok
1456,1,2,1,2,1,0,0,0,0,ok
1457,2,1,2,1,2,0,0,0,0,ok
1458,2,1,1,2,1,0,0,0,0,ok
1459,1,1,1,3,0,0,0,0,0,ok
1460,1,1,1,3,0,0,0,0,0,ok
1461,2,1,2,1,2,0,0,0,0,ok
1462,2,1,1,2,1,0,0,0,0,ok
1463,1,1,1,3,0,0,0,0,0,ok
1464,2,1,1,2,1,0,0,0,0,ok
1465,2,1,1,2,1,0,0,0,0,ok
1466,1,2,1,2,1,0,0,0,0,ok
1467,1,2,1,2,1,0,0,0,0,ok
1468,1,1,1,3,0,0,0,0,0,ok
1469,1,1,2,2,1,0,0,0,0,ok
1470,2,1,2,1,2,0,0,0,0,ok
1475,2,1,2,1,2,0,0,0,0,ok
1477,1,1,1,3,0,0,0,0,0,ok
1478,1,1,2,2,1,0,0,0,0,ok
1479,2,1,2,1,2,0,0,0,0,ok
1480,1,2,1,2,1,0,0,0,0,ok
1481,1,2,1,2,1,0,0,0,0,ok
1485,2,1,2,1,2,0,0,0,0,ok
1486,2,1,2,1,2,0,0,0,0,ok
1488,1,1,1,3,0,0,0,0,0,ok
1493,2,1,2,1,2,0,0,0,0,ok
1494,1,1,2,2,1,0,0,0,0,ok
1495,2,1,2,1,2,0,0,0,0,ok
1498,1,1,2,2,1,0,0,0,0,ok
1499,1,2,1,2,1,0,0,0,0,ok
1500,1,2,1,2,1,0,0,0,0,ok
1501,1,2,1,2,1,0,0,0,0,ok
1502,2,1,1,2,1,0,0,0,0,ok
1504,2,1,1,2,1,0,0,0,0,ok
1505,2,1,1,2,1,0,0,0,0,ok
1506,2,1,1,2,1,0,0,0,0,ok
1507,2,1,1,2,1,0,0,0,0,ok
1508,2,1,1,2,1,0,0,0,0,ok
1509,1,1,1,3,0,0,0,0,0,ok
1510,1,1,1,3,0,0,0,0,0,ok
1511,1,1,2,2,1,0,0,0,0,ok
1512,1,1,2,2,1,0,0,0,0,ok
1513,2,1,2,1,2,0,0,0,0,ok
1515,1,1,2,2,1,0,0,0,0,ok
1516,1,1,2,2,1,0,0,0,0,ok
1517,2,1,2,1,2,0,0,0,0,ok
1519,2,1,1,2,1,0,0,0,0,ok
1521,2,1,2,1,2,0,0,0,0,ok
1522,2,1,2,1,2,0,0,0,0,ok
1524,1,2,1,2,1,0,0,0,0,ok
1532,1,1,1,3,0,0,0,0,0,ok
1533,1,1,1,3,0,0,0,0,0,ok
1534,1,1,1,3,0,0,0,0,0,ok
1535,2,1,2,1,2,0,0,0,0,ok
1536,2,1,2,1,2,0,0,0,0,ok
1537,2,1,2,1,2,0,0,0,0,ok
1538,2,1,2,1,2,0,0,0,0,ok
1539,2,1,2,1,2,0,0,0,0,ok
1543,2,1,1,2,1,0,0,0,0,ok
1545,2,1,2,1,2,0,0,0,0,ok
1546,2,1,2,1,2,0,0,0,0,ok
1547,1,1,1,3,0,0,0,0,0,ok
1548,2,1,2,1,2,0,0,0,0,ok
1549,1,2,1,2,1,0,0,0,0,ok
1550,1,1,1,3,0,0,0,0,0,ok
1552,1,1,2,2,1,0,0,0,0,ok
1553,1,2,1,2,1,0,0,0,0,ok
1555,2,1,2,1,2,0,0,0,0,ok
1559,2,1,2,1,2,0,0,0,0,ok
1561,2,1,2,1,2,0,0,0,0,ok
1562,2,1,2,1,2,0,0,0,0,ok
1563,2,1,2,1,2,0,0,0,0,ok
1564,1,1,2,2,1,0,0,0,0,ok
1566,2,1,2,1,2,0,0,0,0,ok
1567,1,1,1,3,0,0,0,0,0,ok
1568,2,1,2,1,2,0,0,0,0,ok
1569,2,1,2,1,2,0,0,0,0,ok
1570,1,1,1,3,0,0,0,0,0,ok
1571,1,2,1,2,1,0,0,0,0,ok
1572,2,1,2,1,2,0,0,0,0,ok
1573,2,1,2,1,2,0,0,0,0,ok
1575,1,1,1,3,0,0,0,0,0,ok
1576,2,1,2,1,2,0,0,0,0,ok
1577,2,1,2,1,2,0,0,0,0,ok
1578,2,1,2,1,2,0,0,0,0,ok
1579,2,1,2,1,2,0,0,0,0,ok
1580,2,1,2,1,2,0,0,0,0,ok
1581,1,1,2,2,1,0,0,0,0,ok
1582,2,1,2,1,2,0,0,0,0,ok
1583,2,1,2,1,2,0,0,0,0,ok
1584,2,1,2,1,2,0,0,0,0,ok
1585,1,1,1,3,0,0,0,0,0,ok
1586,2,1,2,1,2,0,0,0,0,ok
1588,2,1,1,2,1,0,0,0,0,ok
1590,1,2,1,2,1,0,0,0,0,ok
1591,2,1,2,1,2,0,0,0,0,ok
1592,2,1,1,2,1,0,0,0,0,ok
1593,2,1,2,1,2,0,0,0,0,ok
1594,1,2,1,2,1,0,0,0,0,ok
1596,2,1,2,1,2,0,0,0,0,ok
1597,1,2,1,2,1,0,0,0,0,ok
1598,2,1,2,1,2,0,0,0,0,ok
1599,1,2,1,2,1,0,0,0,0,ok
1600,2,1,2,1,2,0,0,0,0,ok
1602,1,1,2,2,1,0,0,0,0,ok
1603,2,1,1,2,1,0,0,0,0,ok
1604,1,1,2,2,1,0,0,0,0,ok
1605,2,1,2,1,2,0,0,0,0,ok
1606,1,1,1,3,0,0,0,0,0,ok
1607,2,1,1,2,1,0,0,0,0,ok
1609,2,1,1,2,1,0,0,0,0,ok
1610,1,2,1,2,1,0,0,0,0,ok
1611,2,1,1,2,1,0,0,0,0,ok
1612,2,1,2,1,2,0,0,0,0,ok
1613,2,1,2,1,2,0,0,0,0,ok
1614,1,1,1,3,0,0,0,0,0,ok
1615,1,2,1,2,1,0,0,0,0,ok
1617,2,1,2,1,2,0,0,0,0,ok
1618,2,1,2,1,2,0,0,0,0,ok
1619,2,1,2,1,2,0,0,0,0,ok
1620,2,1,2,1,2,0,0,0,0,ok
1621,1,2,1,2,1,0,0,0,0,ok
1624,2,1,2,1,2,0,0,0,0,ok
1625,1,1,2,2,1,0,0,0,0,ok
1626,1,1,2,2,1,0,0,0,0,ok
1628,1,1,2,2,1,0,0,0,0,ok
1632,1,2,1,2,1,0,0,0,0,ok
1633,2,1,1,2,1,0,0,0,0,ok
1634,1,2,1,2,1,0,0,0,0,ok
1635,2,1,1,2,1,0,0,0,0,ok
1636,2,1,2,1,2,0,0,0,0,ok
1637,2,1,2,1,2,0,0,0,0,ok
1638,1,1,1,3,0,0,0,0,0,ok
1639,2,1,2,1,2,0,0,0,0,ok
1641,2,1,2,1,2,0,0,0,0,ok
1642,1,1,1,3,0,0,0,0,0,ok
1643,1,1,1,3,0,0,0,0,0,ok
1645,1,1,1,3,0,0,0,0,0,ok
1646,1,2,1,2,1,0,0,0,0,ok
1647,1,2,1,2,1,0,0,0,0,ok
1648,1,2,1,2,1,0,0,0,0,ok
1650,1,1,2,2,1,0,0,0,0,ok
1655,1,2,1,2,1,0,0,0,0,ok
1656,1,1,1,3,0,0,0,0,0,ok
1657,1,1,1,3,0,0,0,0,0,ok
1659,1,2,1,2,1,0,0,0,0,ok
1661,1,1,1,3,0,0,0,0,0,ok
1662,2,1,2,1,2,0,0,0,0,ok
1663,1,1,1,3,0,0,0,0,0,ok
1664,1,2,1,2,1,0,0,0,0,ok
1666,1,1,2,2,1,0,0,0,0,ok
1667,1,2,1,2,1,0,0,0,0,ok
1668,1,2,1,2,1,0,0,0,0,ok
1669,1,2,1,2,1,0,0,0,0,ok
1670,1,1,2,2,1,0,0,0,0,ok
1671,1,1,1,3,0,0,0,0,0,ok
1672,1,2,1,2,1,0,0,0,0,ok
1674,1,1,1,3,0,0,0,0,0,ok
1676,2,1,2,1,2,0,0,0,0,ok
1677,1,1,1,3,0,0,0,0,0,ok
1678,1,1,2,2,1,0,0,0,0,ok
1679,2,1,2,1,2,0,0,0,0,ok
1685,1,1,1,3,0,0,0,0,0,ok
1686,2,1,2,1,2,0,0,0,0,ok
1687,2,1,2,1,2,0,0,0,0,ok
1688,2,1,1,2,1,0,0,0,0,ok
1689,1,1,1,3,0,0,0,0,0,ok
1690,2,1,1,2,1,0,0,0,0,ok
1692,1,2,1,2,1,0,0,0,0,ok
1693,1,1,2,2,1,0,0,0,0,ok
1694,1,1,1,3,0,0,0,0,0,ok
1695,2,1,2,1,2,0,0,0,0,ok
1696,1,1,1,3,0,0,0,0,0,ok
1697,1,1,2,2,1,0,0,0,0,ok
1698,1,1,1,3,0,0,0,0,0,ok
1699,2,1,2,1,2,0,0,0,0,ok
1700,2,1,2,1,2,0,0,0,0,ok
1701,2,1,2,1,2,0,0,0,0,ok
1702,2,1,2,1,2,0,0,0,0,ok
1703,2,1,2,1,2,0,0,0,0,ok
1705,1,1,1,3,0,0,0,0,0,ok
1708,1,1,2,2,1,0,0,0,0,ok
1709,2,1,2,1,2,0,0,0,0,ok
1710,1,1,1,3,0,0,0,0,0,ok
1711,2,1,2,1,2,0,0,0,0,ok
1712,2,1,2,1,2,0,0,0,0,ok
1714,2,1,2,1,2,0,0,0,0,ok
1715,2,1,1,2,1,0,0,0,0,ok
1717,2,1,2,1,2,0,0,0,0,ok
1718,2,1,2,1,2,0,0,0,0,ok
1719,1,1,1,3,0,0,0,0,0,ok
1720,2,1,2,1,2,0,0,0,0,ok
1721,1,1,1,3,0,0,0,0,0,ok
1722,1,1,1,3,0,0,0,0,0,ok
1723,2,1,2,1,2,0,0,0,0,ok
1724,1,2,1,2,1,0,0,0,0,ok
1725,2,1,2,1,2,0,0,0,0,ok
1726,2,1,1,2,1,0,0,0,0,ok
1728,1,1,1,3,0,0,0,0,0,ok
1729,1,2,1,2,1,0,0,0,0,ok
1733,1,1,1,3,0,0,0,0,0,ok
1734,2,1,2,1,2,0,0,0,0,ok
1735,1,1,1,3,0,0,0,0,0,ok
1736,1,1,1,3,0,0,0,0,0,ok
1737,2,1,2,1,2,0,0,0,0,ok
1738,1,1,1,3,0,0,0,0,0,ok
1739,1,1,1,3,0,0,0,0,0,ok
1740,1,1,1,3,0,0,0,0,0,ok
1742,1,2,1,2,1,0,0,0,0,ok
1743,2,1,2,1,2,0,0,0,0,ok
1744,1,2,1,2,1,0,0,0,0,ok
1745,1,2,1,2,1,0,0,0,0,ok
1746,1,1,1,3,0,0,0,0,0,ok
1748,1,2,1,2,1,0,0,0,0,ok
1749,1,1,2,2,1,0,0,0,0,ok
1750,1,1,1,3,0,0,0,0,0,ok
1751,1,1,1,3,0,0,0,0,0,ok
1752,1,2,1,2,1,0,0,0,0,ok
1753,1,1,1,3,0,0,0,0,0,ok
1754,2,1,2,1,2,0,0,0,0,ok
1756,2,1,1,2,1,0,0,0,0,ok
1757,2,1,2,1,2,0,0,0,0,ok
1758,1,1,1,3,0,0,0,0,0,ok
1759,2,1,2,1,2,0,0,0,0,ok
1760,2,1,2,1,2,0,0,0,0,ok
1761,2,1,2,1,2,0,0,0,0,ok
1762,1,1,1,3,0,0,0,0,0,ok
1763,2,1,2,1,2,0,0,0,0,ok
1764,1,1,1,3,0,0,0,0,0,ok
1766,2,1,2,1,2,0,0,0,0,ok
1769,2,1,2,1,2,0,0,0,0,ok
1770,1,1,2,2,1,0,0,0,0,ok
1771,2,1,2,1,2,0,0,0,0,ok
1772,1,1,2,2,1,0,0,0,0,ok
1773,1,2,1,2,1,0,0,0,0,ok
1774,2,1,2,1,2,0,0,0,0,ok
1775,2,1,2,1,2,0,0,0,0,ok
1776,1,2,1,2,1,0,0,0,0,ok
1778,1,1,2,2,1,0,0,0,0,ok
1779,2,1,2,1,2,0,0,0,0,ok
1780,2,1,2,1,2,0,0,0,0,ok
1781,2,1,2,1,2,0,0,0,0,ok
1783,2,1,2,1,2,0,0,0,0,ok
1784,2,1,2,1,2,0,0,0,0,ok
1785,2,1,2,1,2,0,0,0,0,ok
1786,1,1,1,3,0,0,0,0,0,ok
1787,1,1,1,3,0,0,0,0,0,ok
1788,1,1,1,3,0,0,0,0,0,ok
1789,2,1,2,1,2,0,0,0,0,ok
1790,2,1,2,1,2,0,0,0,0,ok
1793,1,1,2,2,1,0,0,0,0,ok
1794,1,1,2,2,1,0,0,0,0,ok
1795,2,1,2,1,2,0,0,0,0,ok
1796,2,1,2,1,2,0,0,0,0,ok
1798,2,1,2,1,2,0,0,0,0,ok
1799,2,1,2,1,2,0,0,0,0,ok
1800,2,1,2,1,2,0,0,0,0,ok
1801,2,1,1,2,1,0,0,0,0,ok
1802,1,2,1,2,1,0,0,0,0,ok
1803,1,1,1,3,0,0,0,0,0,ok
1804,1,2,1,2,1,0,0,0,0,ok
1805,1,1,2,2,1,0,0,0,0,ok
1806,1,1,2,2,1,0,0,0,0,ok
1807,2,1,2,1,2,0,0,0,0,ok
1808,2,1,2,1,2,0,0,0,0,ok
1809,1,1,1,3,0,0,0,0,0,ok
1810,2,1,2,1,2,0,0,0,0,ok
1812,1,2,1,2,1,0,0,0,0,ok
1813,1,2,1,2,1,0,0,0,0,ok
1814,2,1,2,1,2,0,0,0,0,ok
1815,2,1,2,1,2,0,0,0,0,ok
1816,2,1,2,1,2,0,0,0,0,ok
1817,1,1,1,3,0,0,0,0,0,ok
1818,2,1,2,1,2,0,0,0,0,ok
1819,1,1,2,2,1,0,0,0,0,ok
1824,2,1,1,2,1,0,0,0,0,ok
1826,2,1,2,1,2,0,0,0,0,ok
1827,2,1,1,2,1,0,0,0,0,ok
1828,1,1,2,2,1,0,0,0,0,ok
1829,2,1,2,1,2,0,0,0,0,ok
1830,1,1,2,2,1,0,0,0,0,ok
1831,1,1,1,3,0,0,0,0,0,ok
1832,2,1,2,1,2,0,0,0,0,ok
1833,1,1,1,3,0,0,0,0,0,ok
1834,2,1,2,1,2,0,0,0,0,ok
1836,2,1,2,1,2,0,0,0,0,ok
1837,1,1,1,3,0,0,0,0,0,ok
1838,1,1,2,2,1,0,0,0,0,ok
1842,1,1,2,2,1,0,0,0,0,ok
1843,1,2,1,2,1,0,0,0,0,ok
1844,2,1,2,1,2,0,0,0,0,ok
1845,1,2,1,2,1,0,0,0,0,ok
1847,1,2,1,2,1,0,0,0,0,ok
1848,1,1,1,3,0,0,0,0,0,ok
1850,1,2,1,2,1,0,0,0,0,ok
1851,1,1,1,3,0,0,0,0,0,ok
1852,1,1,2,2,1,0,0,0,0,ok
1853,2,1,2,1,2,0,0,0,0,ok
1854,1,2,1,2,1,0,0,0,0,ok
1855,2,1,2,1,2,0,0,0,0,ok
1856,1,1,1,3,0,0,0,0,0,ok
1857,1,1,1,3,0,0,0,0,0,ok
1858,1,2,1,2,1,0,0,0,0,ok
1860,1,2,1,2,1,0,0,0,0,ok
1861,1,2,1,2,1,0,0,0,0,ok
1862,2,1,1,2,1,0,0,0,0,ok
1863,2,1,1,2,1,0,0,0,0,ok
1864,2,1,1,2,1,0,0,0,0,ok
1867,1,1,2,2,1,0,0,0,0,ok
1868,2,1,2,1,2,0,0,0,0,ok
1869,1,1,2,2,1,0,0,0,0,ok
1870,2,1,2,1,2,0,0,0,0,ok
1871,1,1,1,3,0,0,0,0,0,ok
1872,1,2,1,2,1,0,0,0,0,ok
1873,1,2,1,2,1,0,0,0,0,ok
1874,2,1,1,2,1,0,0,0,0,ok
1875,1,1,1,3,0,0,0,0,0,ok
1876,2,1,2,1,2,0,0,0,0,ok
1877,1,2,1,2,1,0,0,0,0,ok
1879,1,2,1,2,1,0,0,0,0,ok
1880,2,1,2,1,2,0,0,0,0,ok
1883,1,2,1,2,1,0,0,0,0,ok
1884,2,1,1,2,1,0,0,0,0,ok
1885,2,1,2,1,2,0,0,0,0,ok
1886,1,2,1,2,1,0,0,0,0,ok
1887,1,1,1,3,0,0,0,0,0,ok
1889,1,2,1,2,1,0,0,0,0,ok
1890,1,2,1,2,1,0,0,0,0,ok
1891,1,1,2,2,1,0,0,0,0,ok
1892,1,2,1,2,1,0,0,0,0,ok
1894,1,1,1,3,0,0,0,0,0,ok
1895,1,1,2,2,1,0,0,0,0,ok
1896,1,2,1,2,1,0,0,0,0,ok
1897,1,2,1,2,1,0,0,0,0,ok
1898,2,1,2,1,2,0,0,0,0,ok
1900,1,1,1,3,0,0,0,0,0,ok
1902,1,2,1,2,1,0,0,0,0,ok
1903,2,1,2,1,2,0,0,0,0,ok
1904,2,1,1,2,1,0,0,0,0,ok
1906,2,1,2,1,2,0,0,0,0,ok
1907,2,1,2,1,2,0,0,0,0,ok
1908,2,1,1,2,1,0,0,0,0,ok
1909,1,1,2,2,1,0,0,0,0,ok
1910,1,1,2,2,1,0,0,0,0,ok
1911,2,1,1,2,1,0,0,0,0,ok
1912,1,1,2,2,1,0,0,0,0,ok
1913,2,1,2,1,2,0,0,0,0,ok
1914,1,1,2,2,1,0,0,0,0,ok
1915,1,1,1,3,0,0,0,0,0,ok
1917,1,2,1,2,1,0,0,0,0,ok
1918,2,1,1,2,1,0,0,0,0,ok
1919,1,1,2,2,1,0,0,0,0,ok
1923,1,1,2,2,1,0,0,0,0,ok
1924,1,1,2,2,1,0,0,0,0,ok
1926,2,1,2,1,2,0,0,0,0,ok
1928,1,1,2,2,1,0,0,0,0,ok
1930,2,1,2,1,2,0,0,0,0,ok
1933,1,2,1,2,1,0,0,0,0,ok
1934,1,2,1,2,1,0,0,0,0,ok
1935,1,2,1,2,1,0,0,0,0,ok
1936,1,1,1,3,0,0,0,0,0,ok
1937,2,1,1,2,1,0,0,0,0,ok
1938,1,1,1,3,0,0,0,0,0,ok
1939,1,1,1,3,0,0,0,0,0,ok
1940,2,1,2,1,2,0,0,0,0,ok
1941,1,1,1,3,0,0,0,0,0,ok
1942,1,1,1,3,0,0,0,0,0,ok
1943,2,1,1,2,1,0,0,0,0,ok
1946,2,1,2,1,2,0,0,0,0,ok
1948,1,1,1,3,0,0,0,0,0,ok
1949,1,2,1,2,1,0,0,0,0,ok
1950,1,1,2,2,1,0,0,0,0,ok
1952,1,1,2,2,1,0,0,0,0,ok
1953,1,2,1,2,1,0,0,0,0,ok
1954,1,2,1,2,1,0,0,0,0,ok
1955,1,1,1,3,0,0,0,0,0,ok
1956,1,2,1,2,1,0,0,0,0,ok
1957,1,2,1,2,1,0,0,0,0,ok
1958,1,1,1,3,0,0,0,0,0,ok
1959,2,1,2,1,2,0,0,0,0,ok
1960,2,1,2,1,2,0,0,0,0,ok
1961,1,1,2,2,1,0,0,0,0,ok
1963,2,1,2,1,2,0,0,0,0,ok
1964,2,1,2,1,2,0,0,0,0,ok
1965,1,1,1,3,0,0,0,0,0,ok
1966,2,1,2,1,2,0,0,0,0,ok
1967,2,1,2,1,2,0,0,0,0,ok
1968,2,1,2,1,2,0,0,0,0,ok
1969,1,1,2,2,1,0,0,0,0,ok
1970,1,1,2,2,1,0,0,0,0,ok
1975,1,1,1,3,0,0,0,0,0,ok
1976,1,1,1,3,0,0,0,0,0,ok
1977,1,2,1,2,1,0,0,0,0,ok
1978,1,2,1,2,1,0,0,0,0,ok
1979,1,1,2,2,1,0,0,0,0,ok
1980,1,2,1,2,1,0,0,0,0,ok
1981,1,2,1,2,1,0,0,0,0,ok
1982,1,1,1,3,0,0,0,0,0,ok
1983,1,1,2,2,1,0,0,0,0,ok
1984,2,1,2,1,2,0,0,0,0,ok
1985,1,1,2,2,1,0,0,0,0,ok
1986,2,1,2,1,2,0,0,0,0,ok
1987,1,1,1,3,0,0,0,0,0,ok
1988,2,1,2,1,2,0,0,0,0,ok
1989,2,1,2,1,2,0,0,0,0,ok
1992,1,1,1,3,0,0,0,0,0,ok
1993,2,1,2,1,2,0,0,0,0,ok
1994,2,1,2,1,2,0,0,0,0,ok
1996,2,1,2,1,2,0,0,0,0,ok
1999,2,1,2,1,2,0,0,0,0,ok
2000,2,1,2,1,2,0,0,0,0,ok
2001,1,1,1,3,0,0,0,0,0,ok
2002,1,1,1,3,0,0,0,0,0,ok
2003,2,1,2,1,2,0,0,0,0,ok
2004,1,1,1,3,0,0,0,0,0,ok
2006,1,1,1,3,0,0,0,0,0,ok
2007,2,1,2,1,2,0,0,0,0,ok
2009,1,2,1,2,1,0,0,0,0,ok
2010,1,2,1,2,1,0,0,0,0,ok
2011,1,2,1,2,1,0,0,0,0,ok
2012,1,2,1,2,1,0,0,0,0,ok
2013,2,1,1,2,1,0,0,0,0,ok
2014,1,1,2,2,1,0,0,0,0,ok
2015,1,1,1,3,0,0,0,0,0,ok
2016,2,1,1,2,1,0,0,0,0,ok
2019,1,1,2,2,1,0,0,0,0,ok
2020,1,1,1,3,0,0,0,0,0,ok
2021,2,1,2,1,2,0,0,0,0,ok
2022,1,1,1,3,0,0,0,0,0,ok
2023,1,1,1,3,0,0,0,0,0,ok
2024,2,1,2,1,2,0,0,0,0,ok
2025,2,1,2,1,2,0,0,0,0,ok
2026,1,2,1,2,1,0,0,0,0,ok
2027,2,1,1,2,1,0,0,0,0,ok
2029,2,1,1,2,1,0,0,0,0,ok
2030,2,1,1,2,1,0,0,0,0,ok
2031,1,1,1,3,0,0,0,0,0,ok
2032,1,2,1,2,1,0,0,0,0,ok
2033,1,1,1,3,0,0,0,0,0,ok
2034,1,1,2,2,1,0,0,0,0,ok
2035,2,1,2,1,2,0,0,0,0,ok
2037,2,1,1,2,1,0,0,0,0,ok
2038,1,2,1,2,1,0,0,0,0,ok
2039,2,1,1,2,1,0,0,0,0,ok
2040,2,1,1,2,1,0,0,0,0,ok
2044,1,1,2,2,1,0,0,0,0,ok
2045,2,1,2,1,2,0,0,0,0,ok
2047,2,1,2,1,2,0,0,0,0,ok
2049,2,1,2,1,2,0,0,0,0,ok
2050,1,1,2,2,1,0,0,0,0,ok
2051,2,1,2,1,2,0,0,0,0,ok
2052,1,1,2,2,1,0,0,0,0,ok
2053,2,1,2,1,2,0,0,0,0,ok
2054,2,1,2,1,2,0,0,0,0,ok
2056,1,1,1,3,0,0,0,0,0,ok
2058,2,1,2,1,2,0,0,0,0,ok
2060,1,1,2,2,1,0,0,0,0,ok
2061,1,2,1,2,1,0,0,0,0,ok
2062,1,1,2,2,1,0,0,0,0,ok
2065,2,1,2,1,2,0,0,0,0,ok
2066,2,1,2,1,2,0,0,0,0,ok
2067,1,2,1,2,1,0,0,0,0,ok
2068,1,1,1,3,0,0,0,0,0,ok
2069,1,2,1,2,1,0,0,0,0,ok
2070,1,1,1,3,0,0,0,0,0,ok
2071,2,1,2,1,2,0,0,0,0,ok
2075,1,1,1,3,0,0,0,0,0,ok
2076,2,1,2,1,2,0,0,0,0,ok
2077,2,1,2,1,2,0,0,0,0,ok
2078,1,1,2,2,1,0,0,0,0,ok
2079,1,2,1,2,1,0,0,0,0,ok
2080,2,1,2,1,2,0,0,0,0,ok
2081,2,1,2,1,2,0,0,0,0,ok
2082,2,1,1,2,1,0,0,0,0,ok
2083,2,1,2,1,2,0,0,0,0,ok
2085,2,1,2,1,2,0,0,0,0,ok
2086,1,2,1,2,1,0,0,0,0,ok
2088,1,1,2,2,1,0,0,0,0,ok
2089,1,2,1,2,1,0,0,0,0,ok
2090,1,1,1,3,0,0,0,0,0,ok
2092,1,2,1,2,1,0,0,0,0,ok
2093,1,1,1,3,0,0,0,0,0,ok
2094,2,1,2,1,2,0,0,0,0,ok
2095,2,1,2,1,2,0,0,0,0,ok
2096,2,1,2,1,2,0,0,0,0,ok
2097,2,1,2,1,2,0,0,0,0,ok
2098,1,1,1,3,0,0,0,0,0,ok
2099,1,1,2,2,1,0,0,0,0,ok
2101,1,1,1,3,0,0,0,0,0,ok
2102,1,1,1,3,0,0,0,0,0,ok
2103,1,1,1,3,0,0,0,0,0,ok
2104,2,1,1,2,1,0,0,0,0,ok
2105,2,1,2,1,2,0,0,0,0,ok
2106,2,1,2,1,2,0,0,0,0,ok
2107,2,1,1,2,1,0,0,0,0,ok
2108,2,1,2,1,2,0,0,0,0,ok
2109,1,1,2,2,1,0,0,0,0,ok
2110,1,1,2,2,1,0,0,0,0,ok
2111,1,1,1,3,0,0,0,0,0,ok
2112,1,2,1,2,1,0,0,0,0,ok
2114,1,1,2,2,1,0,0,0,0,ok
2115,1,1,2,2,1,0,0,0,0,ok
2117,2,1,2,1,2,0,0,0,0,ok
2118,1,1,1,3,0,0,0,0,0,ok
2119,1,2,1,2,1,0,0,0,0,ok
2120,1,1,2,2,1,0,0,0,0,ok
2123,1,1,2,2,1,0,0,0,0,ok
2124,1,2,1,2,1,0,0,0,0,ok
2126,1,1,1,3,0,0,0,0,0,ok
2127,2,1,2,1,2,0,0,0,0,ok
2128,2,1,2,1,2,0,0,0,0,ok
2129,1,2,1,2,1,0,0,0,0,ok
2130,2,1,2,1,2,0,0,0,0,ok
2131,2,1,2,1,2,0,0,0,0,ok
2132,2,1,1,2,1,0,0,0,0,ok
2133,1,2,1,2,1,0,0,0,0,ok
2134,1,1,2,2,1,0,0,0,0,ok
2135,2,1,2,1,2,0,0,0,0,ok
2136,1,2,1,2,1,0,0,0,0,ok
2137,1,2,1,2,1,0,0,0,0,ok
2138,1,1,1,3,0,0,0,0,0,ok
2139,2,1,2,1,2,0,0,0,0,ok
2140,2,1,2,1,2,0,0,0,0,ok
2141,2,1,2,1,2,0,0,0,0,ok
2142,1,1,2,2,1,0,0,0,0,ok
2143,2,1,2,1,2,0,0,0,0,ok
2144,2,1,2,1,2,0,0,0,0,ok
2145,1,2,1,2,1,0,0,0,0,ok
2146,1,1,1,3,0,0,0,0,0,ok
2147,1,2,1,2,1,0,0,0,0,ok
2148,1,1,1,3,0,0,0,0,0,ok
2149,1,1,1,3,0,0,0,0,0,ok
2150,1,1,1,3,0,0,0,0,0,ok
2152,1,2,1,2,1,0,0,0,0,ok
2153,1,1,2,2,1,0,0,0,0,ok
2155,1,1,1,3,0,0,0,0,0,ok
2156,2,1,1,2,1,0,0,0,0,ok
2157,2,1,1,2,1,0,0,0,0,ok
2158,2,1,1,2,1,0,0,0,0,ok
2159,1,1,1,3,0,0,0,0,0,ok
2160,2,1,1,2,1,0,0,0,0,ok
2161,1,2,1,2,1,0,0,0,0,ok
2162,1,2,1,2,1,0,0,0,0,ok
2163,1,1,2,2,1,0,0,0,0,ok
2164,2,1,1,2,1,0,0,0,0,ok
2165,2,1,2,1,2,0,0,0,0,ok
2167,2,1,2,1,2,0,0,0,0,ok
2168,2,1,2,1,2,0,0,0,0,ok
2169,2,1,2,1,2,0,0,0,0,ok
2170,2,1,2,1,2,0,0,0,0,ok
2173,1,2,1,2,1,0,0,0,0,ok
2176,1,1,1,3,0,0,0,0,0,ok
2178,1,1,2,2,1,0,0,0,0,ok
2180,1,1,2,2,1,0,0,0,0,ok
2181,2,1,2,1,2,0,0,0,0,ok
2182,2,1,2,1,2,0,0,0,0,ok
2183,2,1,2,1,2,0,0,0,0,ok
2184,1,1,1,3,0,0,0,0,0,ok
2185,1,1,1,3,0,0,0,0,0,ok
2188,1,2,1,2,1,0,0,0,0,ok
2190,2,1,2,1,2,0,0,0,0,ok
2191,2,1,2,1,2,0,0,0,0,ok
2192,1,1,2,2,1,0,0,0,0,ok
2193,1,1,2,2,1,0,0,0,0,ok
2194,2,1,2,1,2,0,0,0,0,ok
2195,2,1,2,1,2,0,0,0,0,ok
2196,2,1,2,1,2,0,0,0,0,ok
2197,2,1,2,1,2,0,0,0,0,ok
2198,1,1,2,2,1,0,0,0,0,ok
2199,1,2,1,2,1,0,0,0,0,ok
2200,1,1,2,2,1,0,0,0,0,ok
2201,1,1,1,3,0,0,0,0,0,ok
2202,1,2,1,2,1,0,0,0,0,ok
2203,1,1,2,2,1,0,0,0,0,ok
2204,1,2,1,2,1,0,0,0,0,ok
2205,1,2,1,2,1,0,0,0,0,ok
2206,1,1,1,3,0,0,0,0,0,ok
2207,1,1,1,3,0,0,0,0,0,ok
2208,1,2,1,2,1,0,0,0,0,ok
2209,1,2,1,2,1,0,0,0,0,ok
2210,1,1,1,3,0,0,0,0,0,ok
2211,1,1,1,3,0,0,0,0,0,ok
2212,1,2,1,2,1,0,0,0,0,ok
2213,1,2,1,2,1,0,0,0,0,ok
2214,1,2,1,2,1,0,0,0,0,ok
2215,1,1,1,3,0,0,0,0,0,ok
2216,1,1,2,2,1,0,0,0,0,ok
2217,1,1,2,2,1,0,0,0,0,ok
2218,1,2,1,2,1,0,0,0,0,ok
2219,1,1,1,3,0,0,0,0,0,ok
2221,1,1,1,3,0,0,0,0,0,ok
2222,2,1,2,1,2,0,0,0,0,ok
2223,2,1,2,1,2,0,0,0,0,ok
2224,1,1,1,3,0,0,0,0,0,ok
2225,1,1,1,3,0,0,0,0,0,ok
2226,1,2,1,2,1,0,0,0,0,ok
2227,2,1,2,1,2,0,0,0,0,ok
2228,1,1,1,3,0,0,0,0,0,ok
2230,1,2,1,2,1,0,0,0,0,ok
2231,1,2,1,2,1,0,0,0,0,ok
2236,2,1,2,1,2,0,0,0,0,ok
2237,2,1,2,1,2,0,0,0,0,ok
2238,1,1,1,3,0,0,0,0,0,ok
2239,2,1,1,2,1,0,0,0,0,ok
2240,2,1,2,1,2,0,0,0,0,ok
2241,1,2,1,2,1,0,0,0,0,ok
2242,2,1,2,1,2,0,0,0,0,ok
2243,1,1,1,3,0,0,0,0,0,ok
2244,2,1,2,1,2,0,0,0,0,ok
2245,1,1,2,2,1,0,0,0,0,ok
2247,1,1,1,3,0,0,0,0,0,ok
2248,1,1,1,3,0,0,0,0,0,ok
2249,1,1,1,3,0,0,0,0,0,ok
2250,1,2,1,2,1,0,0,0,0,ok
2251,1,1,1,3,0,0,0,0,0,ok
2254,1,1,2,2,1,0,0,0,0,ok
2255,2,1,2,1,2,0,0,0,0,ok
2256,2,1,2,1,2,0,0,0,0,ok
2258,1,2,1,2,1,0,0,0,0,ok
2259,1,1,1,3,0,0,0,0,0,ok
2260,2,1,1,2,1,0,0,0,0,ok
2262,1,1,2,2,1,0,0,0,0,ok
2263,2,1,2,1,2,0,0,0,0,ok
2264,1,2,1,2,1,0,0,0,0,ok
2265,2,1,2,1,2,0,0,0,0,ok
2266,1,2,1,2,1,0,0,0,0,ok
2267,2,1,2,1,2,0,0,0,0,ok
2268,1,1,2,2,1,0,0,0,0,ok
2269,2,1,1,2,1,0,0,0,0,ok
2270,2,1,2,1,2,0,0,0,0,ok
2271,1,2,1,2,1,0,0,0,0,ok
2273,2,1,2,1,2,0,0,0,0,ok
2274,2,1,1,2,1,0,0,0,0,ok
2276,2,1,2,1,2,0,0,0,0,ok
2277,2,1,2,1,2,0,0,0,0,ok
2278,1,1,2,2,1,0,0,0,0,ok
2279,2,1,2,1,2,0,0,0,0,ok
2280,1,1,1,3,0,0,0,0,0,ok
2283,1,1,1,3,0,0,0,0,0,ok
2284,2,1,1,2,1,0,0,0,0,ok
2285,1,1,2,2,1,0,0,0,0,ok
2286,2,1,2,1,2,0,0,0,0,ok
2287,2,1,1,2,1,0,0,0,0,ok
2288,1,1,1,3,0,0,0,0,0,ok
2289,2,1,2,1,2,0,0,0,0,ok
2290,1,1,1,3,0,0,0,0,0,ok
2291,1,1,1,3,0,0,0,0,0,ok
2292,1,1,2,2,1,0,0,0,0,ok
2293,2,1,2,1,2,0,0,0,0,ok
2294,1,1,1,3,0,0,0,0,0,ok
2295,2,1,2,1,2,0,0,0,0,ok
2297,2,1,2,1,2,0,0,0,0,ok
2298,1,2,1,2,1,0,0,0,0,ok
2299,2,1,2,1,2,0,0,0,0,ok
2300,2,1,2,1,2,0,0,0,0,ok
2301,2,1,2,1,2,0,0,0,0,ok
2302,2,1,2,1,2,0,0,0,0,ok
2303,1,1,2,2,1,0,0,0,0,ok
2304,2,1,2,1,2,0,0,0,0,ok
2305,1,1,2,2,1,0,0,0,0,ok
2306,1,1,2,2,1,0,0,0,0,ok
2307,2,1,2,1,2,0,0,0,0,ok
2308,2,1,2,1,2,0,0,0,0,ok
2309,1,2,1,2,1,0,0,0,0,ok
2310,1,2,1,2,1,0,0,0,0,ok
2311,1,2,1,2,1,0,0,0,0,ok
2312,1,2,1,2,1,0,0,0,0,ok
2313,2,1,2,1,2,0,0,0,0,ok
2314,1,1,2,2,1,0,0,0,0,ok
2315,1,1,1,3,0,0,0,0,0,ok
2317,1,1,1,3,0,0,0,0,0,ok
2318,1,1,1,3,0,0,0,0,0,ok
2319,1,1,2,2,1,0,0,0,0,ok
2320,1,1,1,3,0,0,0,0,0,ok
2321,1,1,2,2,1,0,0,0,0,ok
2322,2,1,2,1,2,0,0,0,0,ok
2323,2,1,2,1,2,0,0,0,0,ok
2324,2,1,2,1,2,0,0,0,0,ok
2325,1,2,1,2,1,0,0,0,0,ok
2326,2,1,2,1,2,0,0,0,0,ok
2327,1,1,2,2,1,0,0,0,0,ok
2329,1,1,2,2,1,0,0,0,0,ok
2330,2,1,2,1,2,0,0,0,0,ok
2331,2,1,2,1,2,0,0,0,0,ok
2332,2,1,2,1,2,0,0,0,0,ok
2333,2,1,2,1,2,0,0,0,0,ok
2334,1,1,1,3,0,0,0,0,0,ok
2335,2,1,2,1,2,0,0,0,0,ok
2336,1,1,1,3,0,0,0,0,0,ok
2337,1,2,1,2,1,0,0,0,0,ok
2338,2,1,2,1,2,0,0,0,0,ok
2339,1,2,1,2,1,0,0,0,0,ok
2341,1,1,1,3,0,0,0,0,0,ok
2342,1,2,1,2,1,0,0,0,0,ok
2343,1,1,1,3,0,0,0,0,0,ok
2344,1,1,1,3,0,0,0,0,0,ok
2347,1,1,2,2,1,0,0,0,0,ok
2348,1,1,1,3,0,0,0,0,0,ok
2350,2,1,2,1,2,0,0,0,0,ok
2352,1,1,1,3,0,0,0,0,0,ok
2353,1,1,1,3,0,0,0,0,0,ok
2354,1,2,1,2,1,0,0,0,0,ok
2355,1,2,1,2,1,0,0,0,0,ok
2357,1,2,1,2,1,0,0,0,0,ok
2358,1,1,2,2,1,0,0,0,0,ok
2359,1,1,2,2,1,0,0,0,0,ok
2360,2,1,1,2,1,0,0,0,0,ok
2361,1,1,2,2,1,0,0,0,0,ok
2362,1,2,1,2,1,0,0,0,0,ok
2363,2,1,1,2,1,0,0,0,0,ok
2364,1,1,1,3,0,0,0,0,0,ok
2365,1,1,1,3,0,0,0,0,0,ok
2366,1,1,1,3,0,0,0,0,0,ok
2367,1,2,1,2,1,0,0,0,0,ok
2368,2,1,2,1,2,0,0,0,0,ok
2369,2,1,2,1,2,0,0,0,0,ok
2370,2,1,2,1,2,0,0,0,0,ok
2371,2,1,2,1,2,0,0,0,0,ok
2372,1,1,1,3,0,0,0,0,0,ok
2373,2,1,2,1,2,0,0,0,0,ok
2374,2,1,2,1,2,0,0,0,0,ok
2375,2,1,2,1,2,0,0,0,0,ok
2376,1,1,1,3,0,0,0,0,0,ok
2379,2,1,2,1,2,0,0,0,0,ok
2380,2,1,2,1,2,0,0,0,0,ok
2381,1,1,1,3,0,0,0,0,0,ok
2382,2,1,2,1,2,0,0,0,0,ok
2383,1,1,2,2,1,0,0,0,0,ok
2384,2,1,2,1,2,0,0,0,0,ok
2385,1,1,2,2,1,0,0,0,0,ok
2386,1,1,2,2,1,0,0,0,0,ok
2387,1,1,1,3,0,0,0,0,0,ok
2388,1,1,1,3,0,0,0,0,0,ok
2389,2,1,1,2,1,0,0,0,0,ok
2390,1,1,1,3,0,0,0,0,0,ok
2391,2,1,1,2,1,0,0,0,0,ok
2392,1,1,1,3,0,0,0,0,0,ok
2393,1,1,1,3,0,0,0,0,0,ok
2394,1,1,1,3,0,0,0,0,0,ok
2395,2,1,2,1,2,0,0,0,0,ok
2396,2,1,2,1,2,0,0,0,0,ok
2397,1,1,2,2,1,0,0,0,0,ok
2400,1,1,1,3,0,0,0,0,0,ok
2401,2,1,2,1,2,0,0,0,0,ok
2403,1,1,2,2,1,0,0,0,0,ok
2404,2,1,2,1,2,0,0,0,0,ok
2405,1,1,2,2,1,0,0,0,0,ok
2406,1,1,1,3,0,0,0,0,0,ok
2407,1,1,1,3,0,0,0,0,0,ok
2408,2,1,2,1,2,0,0,0,0,ok
2409,1,1,1,3,0,0,0,0,0,ok
2410,2,1,2,1,2,0,0,0,0,ok
2411,2,1,2,1,2,0,0,0,0,ok
2412,1,1,1,3,0,0,0,0,0,ok
2413,1,1,1,3,0,0,0,0,0,ok
2417,2,1,2,1,2,0,0,0,0,ok
2418,1,1,2,2,1,0,0,0,0,ok
2419,2,1,2,1,2,0,0,0,0,ok
2420,2,1,2,1,2,0,0,0,0,ok
2421,2,1,2,1,2,0,0,0,0,ok
2422,1,1,2,2,1,0,0,0,0,ok
2423,1,1,2,2,1,0,0,0,0,ok
2424,1,1,1,3,0,0,0,0,0,ok
2425,1,1,1,3,0,0,0,0,0,ok
2426,1,1,2,2,1,0,0,0,0,ok
2428,1,1,1,3,0,0,0,0,0,ok
2429,2,1,2,1,2,0,0,0,0,ok
2430,2,1,1,2,1,0,0,0,0,ok
2431,2,1,1,2,1,0,0,0,0,ok
2432,2,1,2,1,2,0,0,0,0,ok
2433,1,1,1,3,0,0,0,0,0,ok
2434,2,1,2,1,2,0,0,0,0,ok
2435,2,1,2,1,2,0,0,0,0,ok
2436,1,2,1,2,1,0,0,0,0,ok
2437,1,1,1,3,0,0,0,0,0,ok
2438,1,2,1,2,1,0,0,0,0,ok
2439,2,1,1,2,1,0,0,0,0,ok
2440,2,1,2,1,2,0,0,0,0,ok
2441,2,1,2,1,2,0,0,0,0,ok
2443,2,1,1,2,1,0,0,0,0,ok
2444,1,1,1,3,0,0,0,0,0,ok
2445,1,1,2,2,1,0,0,0,0,ok
2446,1,1,1,3,0,0,0,0,0,ok
2447,2,1,2,1,2,0,0,0,0,ok
2448,2,1,2,1,2,0,0,0,0,ok
