sample_id,scene_path,dist_to_crosswalk,has_crosswalk_near_2m,has_crosswalk_near_5m,nearest_map_label,nearest_map_label_dist,on_crosswalk,on_sidewalk,on_road,status
0,0000_20230322_081506,,0,0,,,0,0,0,map_not_found
1,0000_20230322_081506,,0,0,,,0,0,0,map_not_found
2,0000_20230322_081506,,0,0,,,0,0,0,map_not_found
4,0001_20230322_083454,,0,0,,,0,0,0,map_not_found
5,0001_20230322_083454,,0,0,,,0,0,0,map_not_found
6,0001_20230322_083454,,0,0,,,0,0,0,map_not_found
7,0001_20230322_083454,,0,0,,,0,0,0,map_not_found
8,0001_20230322_083454,,0,0,,,0,0,0,map_not_found
9,0001_20230322_083454,,0,0,,,0,0,0,map_not_found
10,0001_20230322_083454,,0,0,,,0,0,0,map_not_found
11,0001_20230322_083454,,0,0,,,0,0,0,map_not_found
13,0001_20230322_083454,,0,0,,,0,0,0,map_not_found
14,0001_20230322_083454,,0,0,,,0,0,0,map_not_found
15,0001_20230322_083454,,0,0,,,0,0,0,map_not_found
16,0001_20230322_083454,,0,0,,,0,0,0,map_not_found
17,0001_20230322_083454,,0,0,,,0,0,0,map_not_found
19,0002_20230322_083625,,0,0,,,0,0,0,map_not_found
20,0002_20230322_083625,,0,0,,,0,0,0,map_not_found
21,0002_20230322_083625,,0,0,,,0,0,0,map_not_found
22,0002_20230322_083625,,0,0,,,0,0,0,map_not_found
23,0002_20230322_083625,,0,0,,,0,0,0,map_not_found
24,0002_20230322_083625,,0,0,,,0,0,0,map_not_found
26,0003_20230322_083935,,0,0,,,0,0,0,map_not_found
27,0003_20230322_083935,,0,0,,,0,0,0,map_not_found
28,0003_20230322_083935,,0,0,,,0,0,0,map_not_found
29,0003_20230322_083935,,0,0,,,0,0,0,map_not_found
30,0003_20230322_083935,,0,0,,,0,0,0,map_not_found
31,0004_20230322_084251,,0,0,,,0,0,0,map_not_found
32,0004_20230322_084251,,0,0,,,0,0,0,map_not_found
33,0004_20230322_084251,,0,0,,,0,0,0,map_not_found
34,0004_20230322_084251,,0,0,,,0,0,0,map_not_found
35,0004_20230322_084251,,0,0,,,0,0,0,map_not_found
36,0004_20230322_084251,,0,0,,,0,0,0,map_not_found
37,0004_20230322_084251,,0,0,,,0,0,0,map_not_found
39,0005_20230322_084431,,0,0,,,0,0,0,map_not_found
40,0005_20230322_084431,,0,0,,,0,0,0,map_not_found
41,0005_20230322_084431,,0,0,,,0,0,0,map_not_found
42,0005_20230322_084431,,0,0,,,0,0,0,map_not_found
43,0005_20230322_084431,,0,0,,,0,0,0,map_not_found
44,0005_20230322_084431,,0,0,,,0,0,0,map_not_found
45,0006_20230322_113007,,0,0,,,0,0,0,map_not_found
46,0006_20230322_113007,,0,0,,,0,0,0,map_not_found
47,0006_20230322_113007,,0,0,,,0,0,0,map_not_found
48,0006_20230322_113007,,0,0,,,0,0,0,map_not_found
49,0006_20230322_113007,,0,0,,,0,0,0,map_not_found
50,0006_20230322_113007,,0,0,,,0,0,0,map_not_found
51,0006_20230322_113007,,0,0,,,0,0,0,map_not_found
52,0006_20230322_113007,,0,0,,,0,0,0,map_not_found
53,0006_20230322_113007,,0,0,,,0,0,0,map_not_found
54,0006_20230322_113007,,0,0,,,0,0,0,map_not_found
55,0006_20230322_113007,,0,0,,,0,0,0,map_not_found
57,0007_20230322_114343,,0,0,,,0,0,0,map_not_found
58,0007_20230322_114343,,0,0,,,0,0,0,map_not_found
59,0007_20230322_114343,,0,0,,,0,0,0,map_not_found
60,0007_20230322_114343,,0,0,,,0,0,0,map_not_found
61,0007_20230322_114343,,0,0,,,0,0,0,map_not_found
62,0007_20230322_114343,,0,0,,,0,0,0,map_not_found
64,0008_20230322_114623,,0,0,,,0,0,0,map_not_found
65,0008_20230322_114623,,0,0,,,0,0,0,map_not_found
66,0008_20230322_114623,,0,0,,,0,0,0,map_not_found
67,0008_20230322_114623,,0,0,,,0,0,0,map_not_found
68,0008_20230322_114623,,0,0,,,0,0,0,map_not_found
69,0008_20230322_114623,,0,0,,,0,0,0,map_not_found
70,0008_20230322_114623,,0,0,,,0,0,0,map_not_found
71,0008_20230322_114623,,0,0,,,0,0,0,map_not_found
72,0008_20230322_114623,,0,0,,,0,0,0,map_not_found
73,0008_20230322_114623,,0,0,,,0,0,0,map_not_found
74,0008_20230322_114623,,0,0,,,0,0,0,map_not_found
75,0008_20230322_114623,,0,0,,,0,0,0,map_not_found
76,0009_20230322_115403,,0,0,,,0,0,0,map_not_found
77,0009_20230322_115403,,0,0,,,0,0,0,map_not_found
79,0009_20230322_115403,,0,0,,,0,0,0,map_not_found
80,0009_20230322_115403,,0,0,,,0,0,0,map_not_found
82,0010_20230322_115554,,0,0,,,0,0,0,map_not_found
83,0010_20230322_115554,,0,0,,,0,0,0,map_not_found
85,0010_20230322_115554,,0,0,,,0,0,0,map_not_found
86,0010_20230322_115554,,0,0,,,0,0,0,map_not_found
87,0010_20230322_115554,,0,0,,,0,0,0,map_not_found
89,0011_20230322_115737,,0,0,,,0,0,0,map_not_found
90,0011_20230322_115737,,0,0,,,0,0,0,map_not_found
91,0011_20230322_115737,,0,0,,,0,0,0,map_not_found
92,0011_20230322_115737,,0,0,,,0,0,0,map_not_found
93,0011_20230322_115737,,0,0,,,0,0,0,map_not_found
94,0011_20230322_115737,,0,0,,,0,0,0,map_not_found
96,0011_20230322_115737,,0,0,,,0,0,0,map_not_found
99,0011_20230322_115737,,0,0,,,0,0,0,map_not_found
100,0012_20230322_120632,,0,0,,,0,0,0,map_not_found
101,0012_20230322_120632,,0,0,,,0,0,0,map_not_found
102,0012_20230322_120632,,0,0,,,0,0,0,map_not_found
104,0012_20230322_120632,,0,0,,,0,0,0,map_not_found
105,0012_20230322_120632,,0,0,,,0,0,0,map_not_found
106,0012_20230322_120632,,0,0,,,0,0,0,map_not_found
107,0012_20230322_120632,,0,0,,,0,0,0,map_not_found
109,0012_20230322_120632,,0,0,,,0,0,0,map_not_found
110,0012_20230322_120632,,0,0,,,0,0,0,map_not_found
111,0012_20230322_120632,,0,0,,,0,0,0,map_not_found
112,0013_20230323_082718,,0,0,,,0,0,0,map_not_found
113,0013_20230323_082718,,0,0,,,0,0,0,map_not_found
114,0013_20230323_082718,,0,0,,,0,0,0,map_not_found
115,0013_20230323_082718,,0,0,,,0,0,0,map_not_found
116,0013_20230323_082718,,0,0,,,0,0,0,map_not_found
118,0014_20230323_082848,,0,0,,,0,0,0,map_not_found
119,0014_20230323_082848,,0,0,,,0,0,0,map_not_found
120,0014_20230323_082848,,0,0,,,0,0,0,map_not_found
121,0014_20230323_082848,,0,0,,,0,0,0,map_not_found
122,0015_20230323_083456,,0,0,,,0,0,0,map_not_found
123,0015_20230323_083456,,0,0,,,0,0,0,map_not_found
124,0015_20230323_083456,,0,0,,,0,0,0,map_not_found
125,0015_20230323_083456,,0,0,,,0,0,0,map_not_found
126,0015_20230323_083456,,0,0,,,0,0,0,map_not_found
127,0015_20230323_083456,,0,0,,,0,0,0,map_not_found
128,0015_20230323_083456,,0,0,,,0,0,0,map_not_found
129,0015_20230323_083456,,0,0,,,0,0,0,map_not_found
130,0015_20230323_083456,,0,0,,,0,0,0,map_not_found
131,0015_20230323_083456,,0,0,,,0,0,0,map_not_found
132,0015_20230323_083456,,0,0,,,0,0,0,map_not_found
133,0015_20230323_083456,,0,0,,,0,0,0,map_not_found
134,0015_20230323_083456,,0,0,,,0,0,0,map_not_found
135,0015_20230323_083456,,0,0,,,0,0,0,map_not_found
136,0016_20230323_083733,,0,0,,,0,0,0,map_not_found
137,0016_20230323_083733,,0,0,,,0,0,0,map_not_found
138,0016_20230323_083733,,0,0,,,0,0,0,map_not_found
139,0016_20230323_083733,,0,0,,,0,0,0,map_not_found
140,0016_20230323_083733,,0,0,,,0,0,0,map_not_found
141,0016_20230323_083733,,0,0,,,0,0,0,map_not_found
142,0016_20230323_083733,,0,0,,,0,0,0,map_not_found
143,0016_20230323_083733,,0,0,,,0,0,0,map_not_found
144,0016_20230323_083733,,0,0,,,0,0,0,map_not_found
145,0016_20230323_083733,,0,0,,,0,0,0,map_not_found
146,0016_20230323_083733,,0,0,,,0,0,0,map_not_found
147,0016_20230323_083733,,0,0,,,0,0,0,map_not_found
148,0016_20230323_083733,,0,0,,,0,0,0,map_not_found
149,0016_20230323_083733,,0,0,,,0,0,0,map_not_found
150,0016_20230323_083733,,0,0,,,0,0,0,map_not_found
151,0016_20230323_083733,,0,0,,,0,0,0,map_not_found
152,0016_20230323_083733,,0,0,,,0,0,0,map_not_found
153,0016_20230323_083733,,0,0,,,0,0,0,map_not_found
154,0016_20230323_083733,,0,0,,,0,0,0,map_not_found
155,0016_20230323_083733,,0,0,,,0,0,0,map_not_found
156,0016_20230323_083733,,0,0,,,0,0,0,map_not_found
3499,0016_20230323_083733,,0,0,,,0,0,0,map_not_found
3500,0016_20230323_083733,,0,0,,,0,0,0,map_not_found
3501,0016_20230323_083733,,0,0,,,0,0,0,map_not_found
3502,0016_20230323_083733,,0,0,,,0,0,0,map_not_found
3503,0016_20230323_083733,,0,0,,,0,0,0,map_not_found
3504,0016_20230323_083733,,0,0,,,0,0,0,map_not_found
3505,0016_20230323_083733,,0,0,,,0,0,0,map_not_found
3506,0016_20230323_083733,,0,0,,,0,0,0,map_not_found
3507,0016_20230323_083733,,0,0,,,0,0,0,map_not_found
3508,0016_20230323_083733,,0,0,,,0,0,0,map_not_found
3509,0016_20230323_083733,,0,0,,,0,0,0,map_not_found
3510,0016_20230323_083733,,0,0,,,0,0,0,map_not_found
3511,0016_20230323_083733,,0,0,,,0,0,0,map_not_found
3512,0016_20230323_083733,,0,0,,,0,0,0,map_not_found
3513,0016_20230323_083733,,0,0,,,0,0,0,map_not_found
3514,0016_20230323_083733,,0,0,,,0,0,0,map_not_found
3515,0016_20230323_083733,,0,0,,,0,0,0,map_not_found
3516,0016_20230323_083733,,0,0,,,0,0,0,map_not_found
3517,0016_20230323_083733,,0,0,,,0,0,0,map_not_found
158,0017_20230323_084041,,0,0,,,0,0,0,map_not_found
160,0017_20230323_084041,,0,0,,,0,0,0,map_not_found
161,0017_20230323_084041,,0,0,,,0,0,0,map_not_found
162,0017_20230323_084041,,0,0,,,0,0,0,map_not_found
163,0017_20230323_084041,,0,0,,,0,0,0,map_not_found
164,0017_20230323_084041,,0,0,,,0,0,0,map_not_found
165,0017_20230323_084041,,0,0,,,0,0,0,map_not_found
166,0017_20230323_084041,,0,0,,,0,0,0,map_not_found
167,0017_20230323_084041,,0,0,,,0,0,0,map_not_found
168,0017_20230323_084041,,0,0,,,0,0,0,map_not_found
169,0017_20230323_084041,,0,0,,,0,0,0,map_not_found
170,0017_20230323_084041,,0,0,,,0,0,0,map_not_found
173,0018_20230323_085243,,0,0,,,0,0,0,map_not_found
174,0018_20230323_085243,,0,0,,,0,0,0,map_not_found
175,0018_20230323_085243,,0,0,,,0,0,0,map_not_found
176,0018_20230323_085243,,0,0,,,0,0,0,map_not_found
177,0019_20230323_103917,,0,0,,,0,0,0,map_not_found
178,0019_20230323_103917,,0,0,,,0,0,0,map_not_found
179,0019_20230323_103917,,0,0,,,0,0,0,map_not_found
180,0019_20230323_103917,,0,0,,,0,0,0,map_not_found
185,0020_20230323_110950,,0,0,,,0,0,0,map_not_found
186,0020_20230323_110950,,0,0,,,0,0,0,map_not_found
187,0020_20230323_110950,,0,0,,,0,0,0,map_not_found
188,0020_20230323_110950,,0,0,,,0,0,0,map_not_found
189,0020_20230323_110950,,0,0,,,0,0,0,map_not_found
190,0020_20230323_110950,,0,0,,,0,0,0,map_not_found
191,0020_20230323_110950,,0,0,,,0,0,0,map_not_found
192,0020_20230323_110950,,0,0,,,0,0,0,map_not_found
193,0021_20230323_111223,,0,0,,,0,0,0,map_not_found
194,0021_20230323_111223,,0,0,,,0,0,0,map_not_found
195,0021_20230323_111223,,0,0,,,0,0,0,map_not_found
197,0021_20230323_111223,,0,0,,,0,0,0,map_not_found
198,0022_20230323_112653,,0,0,,,0,0,0,map_not_found
199,0022_20230323_112653,,0,0,,,0,0,0,map_not_found
200,0023_20230323_113346,,0,0,,,0,0,0,map_not_found
201,0023_20230323_113346,,0,0,,,0,0,0,map_not_found
202,0023_20230323_113346,,0,0,,,0,0,0,map_not_found
203,0024_20230323_113536,,0,0,,,0,0,0,map_not_found
204,0024_20230323_113536,,0,0,,,0,0,0,map_not_found
205,0024_20230323_113536,,0,0,,,0,0,0,map_not_found
206,0024_20230323_113536,,0,0,,,0,0,0,map_not_found
207,0024_20230323_113536,,0,0,,,0,0,0,map_not_found
209,0025_20230523_092441,,0,0,,,0,0,0,map_not_found
210,0025_20230523_092441,,0,0,,,0,0,0,map_not_found
211,0025_20230523_092441,,0,0,,,0,0,0,map_not_found
212,0025_20230523_092441,,0,0,,,0,0,0,map_not_found
213,0025_20230523_092441,,0,0,,,0,0,0,map_not_found
214,0025_20230523_092441,,0,0,,,0,0,0,map_not_found
215,0025_20230523_092441,,0,0,,,0,0,0,map_not_found
216,0025_20230523_092441,,0,0,,,0,0,0,map_not_found
217,0025_20230523_092441,,0,0,,,0,0,0,map_not_found
218,0025_20230523_092441,,0,0,,,0,0,0,map_not_found
219,0025_20230523_092441,,0,0,,,0,0,0,map_not_found
220,0025_20230523_092441,,0,0,,,0,0,0,map_not_found
221,0025_20230523_092441,,0,0,,,0,0,0,map_not_found
222,0025_20230523_092441,,0,0,,,0,0,0,map_not_found
223,0026_20230523_092622,,0,0,,,0,0,0,map_not_found
224,0026_20230523_092622,,0,0,,,0,0,0,map_not_found
225,0026_20230523_092622,,0,0,,,0,0,0,map_not_found
226,0026_20230523_092622,,0,0,,,0,0,0,map_not_found
227,0026_20230523_092622,,0,0,,,0,0,0,map_not_found
228,0026_20230523_092622,,0,0,,,0,0,0,map_not_found
229,0026_20230523_092622,,0,0,,,0,0,0,map_not_found
231,0026_20230523_092622,,0,0,,,0,0,0,map_not_found
232,0026_20230523_092622,,0,0,,,0,0,0,map_not_found
233,0026_20230523_092622,,0,0,,,0,0,0,map_not_found
234,0027_20230523_093337,,0,0,,,0,0,0,map_not_found
235,0027_20230523_093337,,0,0,,,0,0,0,map_not_found
236,0027_20230523_093337,,0,0,,,0,0,0,map_not_found
237,0027_20230523_093337,,0,0,,,0,0,0,map_not_found
238,0027_20230523_093337,,0,0,,,0,0,0,map_not_found
239,0028_20230523_093636,,0,0,,,0,0,0,map_not_found
240,0028_20230523_093636,,0,0,,,0,0,0,map_not_found
241,0028_20230523_093636,,0,0,,,0,0,0,map_not_found
242,0028_20230523_093636,,0,0,,,0,0,0,map_not_found
246,0029_20230523_095207,,0,0,,,0,0,0,map_not_found
247,0029_20230523_095207,,0,0,,,0,0,0,map_not_found
248,0029_20230523_095207,,0,0,,,0,0,0,map_not_found
249,0029_20230523_095207,,0,0,,,0,0,0,map_not_found
251,0030_20230523_095809,,0,0,,,0,0,0,map_not_found
252,0030_20230523_095809,,0,0,,,0,0,0,map_not_found
253,0030_20230523_095809,,0,0,,,0,0,0,map_not_found
254,0030_20230523_095809,,0,0,,,0,0,0,map_not_found
257,0031_20230523_100153,,0,0,,,0,0,0,map_not_found
258,0031_20230523_100153,,0,0,,,0,0,0,map_not_found
260,0031_20230523_100153,,0,0,,,0,0,0,map_not_found
261,0031_20230523_100153,,0,0,,,0,0,0,map_not_found
263,0031_20230523_100153,,0,0,,,0,0,0,map_not_found
264,0032_20230523_100702,,0,0,,,0,0,0,map_not_found
265,0032_20230523_100702,,0,0,,,0,0,0,map_not_found
266,0032_20230523_100702,,0,0,,,0,0,0,map_not_found
268,0032_20230523_100702,,0,0,,,0,0,0,map_not_found
269,0033_20230523_104001,,0,0,,,0,0,0,map_not_found
270,0033_20230523_104001,,0,0,,,0,0,0,map_not_found
271,0034_20230523_104138,,0,0,,,0,0,0,map_not_found
272,0034_20230523_104138,,0,0,,,0,0,0,map_not_found
273,0034_20230523_104138,,0,0,,,0,0,0,map_not_found
274,0034_20230523_104138,,0,0,,,0,0,0,map_not_found
275,0034_20230523_104138,,0,0,,,0,0,0,map_not_found
277,0035_20230523_104304,,0,0,,,0,0,0,map_not_found
278,0035_20230523_104304,,0,0,,,0,0,0,map_not_found
279,0035_20230523_104304,,0,0,,,0,0,0,map_not_found
280,0035_20230523_104304,,0,0,,,0,0,0,map_not_found
282,0035_20230523_104304,,0,0,,,0,0,0,map_not_found
286,0036_20230523_105516,,0,0,,,0,0,0,map_not_found
287,0036_20230523_105516,,0,0,,,0,0,0,map_not_found
288,0036_20230523_105516,,0,0,,,0,0,0,map_not_found
290,0036_20230523_105516,,0,0,,,0,0,0,map_not_found
291,0036_20230523_105516,,0,0,,,0,0,0,map_not_found
292,0036_20230523_105516,,0,0,,,0,0,0,map_not_found
293,0036_20230523_105516,,0,0,,,0,0,0,map_not_found
295,0036_20230523_105516,,0,0,,,0,0,0,map_not_found
296,0036_20230523_105516,,0,0,,,0,0,0,map_not_found
297,0036_20230523_105516,,0,0,,,0,0,0,map_not_found
298,0036_20230523_105516,,0,0,,,0,0,0,map_not_found
300,0036_20230523_105516,,0,0,,,0,0,0,map_not_found
301,0036_20230523_105516,,0,0,,,0,0,0,map_not_found
303,0036_20230523_105516,,0,0,,,0,0,0,map_not_found
306,0036_20230523_105516,,0,0,,,0,0,0,map_not_found
308,0036_20230523_105516,,0,0,,,0,0,0,map_not_found
309,0036_20230523_105516,,0,0,,,0,0,0,map_not_found
312,0037_20230523_105811,,0,0,,,0,0,0,map_not_found
313,0037_20230523_105811,,0,0,,,0,0,0,map_not_found
314,0037_20230523_105811,,0,0,,,0,0,0,map_not_found
315,0037_20230523_105811,,0,0,,,0,0,0,map_not_found
316,0037_20230523_105811,,0,0,,,0,0,0,map_not_found
317,0037_20230523_105811,,0,0,,,0,0,0,map_not_found
319,0038_20230523_110238,,0,0,,,0,0,0,map_not_found
320,0038_20230523_110238,,0,0,,,0,0,0,map_not_found
323,0038_20230523_110238,,0,0,,,0,0,0,map_not_found
324,0038_20230523_110238,,0,0,,,0,0,0,map_not_found
325,0038_20230523_110238,,0,0,,,0,0,0,map_not_found
327,0039_20230523_110534,,0,0,,,0,0,0,map_not_found
328,0039_20230523_110534,,0,0,,,0,0,0,map_not_found
329,0039_20230523_110534,,0,0,,,0,0,0,map_not_found
330,0039_20230523_110534,,0,0,,,0,0,0,map_not_found
331,0039_20230523_110534,,0,0,,,0,0,0,map_not_found
332,0039_20230523_110534,,0,0,,,0,0,0,map_not_found
333,0039_20230523_110534,,0,0,,,0,0,0,map_not_found
334,0039_20230523_110534,,0,0,,,0,0,0,map_not_found
335,0039_20230523_110534,,0,0,,,0,0,0,map_not_found
337,0040_20230523_110803,,0,0,,,0,0,0,map_not_found
338,0040_20230523_110803,,0,0,,,0,0,0,map_not_found
341,0041_20230523_111106,,0,0,,,0,0,0,map_not_found
342,0041_20230523_111106,,0,0,,,0,0,0,map_not_found
343,0041_20230523_111106,,0,0,,,0,0,0,map_not_found
344,0041_20230523_111106,,0,0,,,0,0,0,map_not_found
346,0041_20230523_111106,,0,0,,,0,0,0,map_not_found
347,0041_20230523_111106,,0,0,,,0,0,0,map_not_found
348,0041_20230523_111106,,0,0,,,0,0,0,map_not_found
349,0041_20230523_111106,,0,0,,,0,0,0,map_not_found
350,0041_20230523_111106,,0,0,,,0,0,0,map_not_found
351,0041_20230523_111106,,0,0,,,0,0,0,map_not_found
352,0041_20230523_111106,,0,0,,,0,0,0,map_not_found
353,0041_20230523_111106,,0,0,,,0,0,0,map_not_found
354,0041_20230523_111106,,0,0,,,0,0,0,map_not_found
355,0041_20230523_111106,,0,0,,,0,0,0,map_not_found
356,0041_20230523_111106,,0,0,,,0,0,0,map_not_found
357,0041_20230523_111106,,0,0,,,0,0,0,map_not_found
364,0042_20230523_111514,,0,0,,,0,0,0,map_not_found
365,0042_20230523_111514,,0,0,,,0,0,0,map_not_found
366,0042_20230523_111514,,0,0,,,0,0,0,map_not_found
367,0042_20230523_111514,,0,0,,,0,0,0,map_not_found
368,0042_20230523_111514,,0,0,,,0,0,0,map_not_found
369,0042_20230523_111514,,0,0,,,0,0,0,map_not_found
370,0042_20230523_111514,,0,0,,,0,0,0,map_not_found
371,0042_20230523_111514,,0,0,,,0,0,0,map_not_found
372,0042_20230523_111514,,0,0,,,0,0,0,map_not_found
373,0042_20230523_111514,,0,0,,,0,0,0,map_not_found
374,0042_20230523_111514,,0,0,,,0,0,0,map_not_found
375,0042_20230523_111514,,0,0,,,0,0,0,map_not_found
376,0042_20230523_111514,,0,0,,,0,0,0,map_not_found
377,0042_20230523_111514,,0,0,,,0,0,0,map_not_found
381,0043_20230523_111854,,0,0,,,0,0,0,map_not_found
382,0043_20230523_111854,,0,0,,,0,0,0,map_not_found
383,0043_20230523_111854,,0,0,,,0,0,0,map_not_found
384,0043_20230523_111854,,0,0,,,0,0,0,map_not_found
385,0043_20230523_111854,,0,0,,,0,0,0,map_not_found
386,0043_20230523_111854,,0,0,,,0,0,0,map_not_found
387,0043_20230523_111854,,0,0,,,0,0,0,map_not_found
388,0043_20230523_111854,,0,0,,,0,0,0,map_not_found
389,0043_20230523_111854,,0,0,,,0,0,0,map_not_found
390,0043_20230523_111854,,0,0,,,0,0,0,map_not_found
391,0043_20230523_111854,,0,0,,,0,0,0,map_not_found
392,0043_20230523_111854,,0,0,,,0,0,0,map_not_found
393,0043_20230523_111854,,0,0,,,0,0,0,map_not_found
395,0043_20230523_111854,,0,0,,,0,0,0,map_not_found
396,0043_20230523_111854,,0,0,,,0,0,0,map_not_found
397,0043_20230523_111854,,0,0,,,0,0,0,map_not_found
400,0044_20230523_112300,,0,0,,,0,0,0,map_not_found
401,0044_20230523_112300,,0,0,,,0,0,0,map_not_found
402,0044_20230523_112300,,0,0,,,0,0,0,map_not_found
403,0044_20230523_112300,,0,0,,,0,0,0,map_not_found
404,0044_20230523_112300,,0,0,,,0,0,0,map_not_found
405,0044_20230523_112300,,0,0,,,0,0,0,map_not_found
406,0044_20230523_112300,,0,0,,,0,0,0,map_not_found
407,0044_20230523_112300,,0,0,,,0,0,0,map_not_found
408,0044_20230523_112300,,0,0,,,0,0,0,map_not_found
409,0044_20230523_112300,,0,0,,,0,0,0,map_not_found
410,0044_20230523_112300,,0,0,,,0,0,0,map_not_found
411,0044_20230523_112300,,0,0,,,0,0,0,map_not_found
412,0044_20230523_112300,,0,0,,,0,0,0,map_not_found
413,0044_20230523_112300,,0,0,,,0,0,0,map_not_found
414,0044_20230523_112300,,0,0,,,0,0,0,map_not_found
417,0044_20230523_112300,,0,0,,,0,0,0,map_not_found
419,0045_20230526_054302,,0,0,,,0,0,0,map_not_found
427,0046_20230526_054602,,0,0,,,0,0,0,map_not_found
429,0046_20230526_054602,,0,0,,,0,0,0,map_not_found
430,0047_20230526_055334,,0,0,,,0,0,0,map_not_found
431,0047_20230526_055334,,0,0,,,0,0,0,map_not_found
432,0047_20230526_055334,,0,0,,,0,0,0,map_not_found
433,0047_20230526_055334,,0,0,,,0,0,0,map_not_found
435,0047_20230526_055334,,0,0,,,0,0,0,map_not_found
436,0047_20230526_055334,,0,0,,,0,0,0,map_not_found
438,0047_20230526_055334,,0,0,,,0,0,0,map_not_found
440,0048_20230526_060338,,0,0,,,0,0,0,map_not_found
441,0048_20230526_060338,,0,0,,,0,0,0,map_not_found
442,0048_20230526_060338,,0,0,,,0,0,0,map_not_found
443,0048_20230526_060338,,0,0,,,0,0,0,map_not_found
444,0049_20230526_060526,,0,0,,,0,0,0,map_not_found
445,0049_20230526_060526,,0,0,,,0,0,0,map_not_found
446,0049_20230526_060526,,0,0,,,0,0,0,map_not_found
447,0049_20230526_060526,,0,0,,,0,0,0,map_not_found
448,0049_20230526_060526,,0,0,,,0,0,0,map_not_found
450,0050_20230322_120844,,0,0,,,0,0,0,map_not_found
451,0050_20230322_120844,,0,0,,,0,0,0,map_not_found
452,0050_20230322_120844,,0,0,,,0,0,0,map_not_found
453,0050_20230322_120844,,0,0,,,0,0,0,map_not_found
454,0050_20230322_120844,,0,0,,,0,0,0,map_not_found
455,0050_20230322_120844,,0,0,,,0,0,0,map_not_found
456,0050_20230322_120844,,0,0,,,0,0,0,map_not_found
457,0050_20230322_120844,,0,0,,,0,0,0,map_not_found
458,0051_20230322_121247,,0,0,,,0,0,0,map_not_found
459,0051_20230322_121247,,0,0,,,0,0,0,map_not_found
460,0051_20230322_121247,,0,0,,,0,0,0,map_not_found
461,0051_20230322_121247,,0,0,,,0,0,0,map_not_found
462,0051_20230322_121247,,0,0,,,0,0,0,map_not_found
463,0051_20230322_121247,,0,0,,,0,0,0,map_not_found
464,0052_20230322_141812,,0,0,,,0,0,0,map_not_found
465,0052_20230322_141812,,0,0,,,0,0,0,map_not_found
466,0052_20230322_141812,,0,0,,,0,0,0,map_not_found
470,0053_20230322_142112,,0,0,,,0,0,0,map_not_found
471,0053_20230322_142112,,0,0,,,0,0,0,map_not_found
472,0053_20230322_142112,,0,0,,,0,0,0,map_not_found
473,0053_20230322_142112,,0,0,,,0,0,0,map_not_found
474,0053_20230322_142112,,0,0,,,0,0,0,map_not_found
478,0054_20230322_142344,,0,0,,,0,0,0,map_not_found
479,0054_20230322_142344,,0,0,,,0,0,0,map_not_found
480,0054_20230322_142344,,0,0,,,0,0,0,map_not_found
483,0054_20230322_142344,,0,0,,,0,0,0,map_not_found
490,0055_20230322_143231,,0,0,,,0,0,0,map_not_found
491,0055_20230322_143231,,0,0,,,0,0,0,map_not_found
492,0055_20230322_143231,,0,0,,,0,0,0,map_not_found
493,0055_20230322_143231,,0,0,,,0,0,0,map_not_found
494,0055_20230322_143231,,0,0,,,0,0,0,map_not_found
496,0055_20230322_143231,,0,0,,,0,0,0,map_not_found
497,0055_20230322_143231,,0,0,,,0,0,0,map_not_found
498,0056_20230322_143922,,0,0,,,0,0,0,map_not_found
499,0056_20230322_143922,,0,0,,,0,0,0,map_not_found
500,0056_20230322_143922,,0,0,,,0,0,0,map_not_found
501,0056_20230322_143922,,0,0,,,0,0,0,map_not_found
502,0056_20230322_143922,,0,0,,,0,0,0,map_not_found
504,0057_20230322_144453,,0,0,,,0,0,0,map_not_found
505,0057_20230322_144453,,0,0,,,0,0,0,map_not_found
506,0057_20230322_144453,,0,0,,,0,0,0,map_not_found
507,0057_20230322_144453,,0,0,,,0,0,0,map_not_found
508,0057_20230322_144453,,0,0,,,0,0,0,map_not_found
509,0058_20230322_144917,,0,0,,,0,0,0,map_not_found
510,0058_20230322_144917,,0,0,,,0,0,0,map_not_found
512,0058_20230322_144917,,0,0,,,0,0,0,map_not_found
513,0058_20230322_144917,,0,0,,,0,0,0,map_not_found
514,0058_20230322_144917,,0,0,,,0,0,0,map_not_found
515,0058_20230322_144917,,0,0,,,0,0,0,map_not_found
517,0059_20230322_145137,,0,0,,,0,0,0,map_not_found
518,0059_20230322_145137,,0,0,,,0,0,0,map_not_found
519,0059_20230322_145137,,0,0,,,0,0,0,map_not_found
521,0060_20230322_145409,,0,0,,,0,0,0,map_not_found
523,0060_20230322_145409,,0,0,,,0,0,0,map_not_found
524,0060_20230322_145409,,0,0,,,0,0,0,map_not_found
528,0061_20230322_150124,,0,0,,,0,0,0,map_not_found
529,0061_20230322_150124,,0,0,,,0,0,0,map_not_found
530,0061_20230322_150124,,0,0,,,0,0,0,map_not_found
533,0062_20230322_150445,,0,0,,,0,0,0,map_not_found
534,0062_20230322_150445,,0,0,,,0,0,0,map_not_found
541,0063_20230322_150830,,0,0,,,0,0,0,map_not_found
544,0063_20230322_150830,,0,0,,,0,0,0,map_not_found
545,0063_20230322_150830,,0,0,,,0,0,0,map_not_found
549,0063_20230322_150830,,0,0,,,0,0,0,map_not_found
552,0064_20230322_151516,,0,0,,,0,0,0,map_not_found
553,0064_20230322_151516,,0,0,,,0,0,0,map_not_found
554,0064_20230322_151516,,0,0,,,0,0,0,map_not_found
555,0064_20230322_151516,,0,0,,,0,0,0,map_not_found
556,0064_20230322_151516,,0,0,,,0,0,0,map_not_found
557,0065_20230322_152002,,0,0,,,0,0,0,map_not_found
563,0066_20230523_092801,,0,0,,,0,0,0,map_not_found
564,0066_20230523_092801,,0,0,,,0,0,0,map_not_found
565,0067_20230824_110228,,0,0,,,0,0,0,map_not_found
566,0067_20230824_110228,,0,0,,,0,0,0,map_not_found
567,0067_20230824_110228,,0,0,,,0,0,0,map_not_found
568,0068_20230824_114312,,0,0,,,0,0,0,map_not_found
573,0069_20230824_114554,,0,0,,,0,0,0,map_not_found
574,0069_20230824_114554,,0,0,,,0,0,0,map_not_found
575,0069_20230824_114554,,0,0,,,0,0,0,map_not_found
578,0070_20230824_115509,,0,0,,,0,0,0,map_not_found
579,0070_20230824_115509,,0,0,,,0,0,0,map_not_found
583,0071_20230824_115734,,0,0,,,0,0,0,map_not_found
584,0071_20230824_115734,,0,0,,,0,0,0,map_not_found
585,0071_20230824_115734,,0,0,,,0,0,0,map_not_found
588,0072_20230824_120013,,0,0,,,0,0,0,map_not_found
589,0072_20230824_120013,,0,0,,,0,0,0,map_not_found
591,0074_20230824_141451,,0,0,,,0,0,0,map_not_found
595,0075_20230824_141526,,0,0,,,0,0,0,map_not_found
596,0075_20230824_141526,,0,0,,,0,0,0,map_not_found
597,0075_20230824_141526,,0,0,,,0,0,0,map_not_found
598,0075_20230824_141526,,0,0,,,0,0,0,map_not_found
599,0075_20230824_141526,,0,0,,,0,0,0,map_not_found
600,0075_20230824_141526,,0,0,,,0,0,0,map_not_found
602,0075_20230824_141526,,0,0,,,0,0,0,map_not_found
603,0075_20230824_141526,,0,0,,,0,0,0,map_not_found
608,0076_20230824_142330,,0,0,,,0,0,0,map_not_found
611,0077_20230824_142412,,0,0,,,0,0,0,map_not_found
612,0077_20230824_142412,,0,0,,,0,0,0,map_not_found
613,0077_20230824_142412,,0,0,,,0,0,0,map_not_found
614,0077_20230824_142412,,0,0,,,0,0,0,map_not_found
623,0078_20230824_143058,,0,0,,,0,0,0,map_not_found
624,0078_20230824_143058,,0,0,,,0,0,0,map_not_found
628,0079_20230824_143252,,0,0,,,0,0,0,map_not_found
629,0079_20230824_143252,,0,0,,,0,0,0,map_not_found
630,0079_20230824_143252,,0,0,,,0,0,0,map_not_found
631,0079_20230824_143252,,0,0,,,0,0,0,map_not_found
632,0079_20230824_143252,,0,0,,,0,0,0,map_not_found
633,0079_20230824_143252,,0,0,,,0,0,0,map_not_found
634,0079_20230824_143252,,0,0,,,0,0,0,map_not_found
635,0079_20230824_143252,,0,0,,,0,0,0,map_not_found
636,0079_20230824_143252,,0,0,,,0,0,0,map_not_found
638,0079_20230824_143252,,0,0,,,0,0,0,map_not_found
639,0079_20230824_143252,,0,0,,,0,0,0,map_not_found
640,0079_20230824_143252,,0,0,,,0,0,0,map_not_found
644,0080_20230824_143512,,0,0,,,0,0,0,map_not_found
645,0080_20230824_143512,,0,0,,,0,0,0,map_not_found
646,0080_20230824_143512,,0,0,,,0,0,0,map_not_found
647,0080_20230824_143512,,0,0,,,0,0,0,map_not_found
650,0081_20230824_143943,,0,0,,,0,0,0,map_not_found
652,0081_20230824_143943,,0,0,,,0,0,0,map_not_found
654,0082_20230824_144648,,0,0,,,0,0,0,map_not_found
655,0082_20230824_144648,,0,0,,,0,0,0,map_not_found
656,0082_20230824_144648,,0,0,,,0,0,0,map_not_found
660,0083_20230824_145206,,0,0,,,0,0,0,map_not_found
661,0083_20230824_145206,,0,0,,,0,0,0,map_not_found
662,0083_20230824_145206,,0,0,,,0,0,0,map_not_found
667,0084_20230824_145407,,0,0,,,0,0,0,map_not_found
668,0084_20230824_145407,,0,0,,,0,0,0,map_not_found
669,0084_20230824_145407,,0,0,,,0,0,0,map_not_found
670,0084_20230824_145407,,0,0,,,0,0,0,map_not_found
673,0085_20230824_145733,,0,0,,,0,0,0,map_not_found
674,0085_20230824_145733,,0,0,,,0,0,0,map_not_found
682,0086_20230824_150233,,0,0,,,0,0,0,map_not_found
684,0086_20230824_150233,,0,0,,,0,0,0,map_not_found
685,0086_20230824_150233,,0,0,,,0,0,0,map_not_found
686,0086_20230824_150233,,0,0,,,0,0,0,map_not_found
687,0086_20230824_150233,,0,0,,,0,0,0,map_not_found
689,0086_20230824_150233,,0,0,,,0,0,0,map_not_found
691,0086_20230824_150233,,0,0,,,0,0,0,map_not_found
692,0086_20230824_150233,,0,0,,,0,0,0,map_not_found
697,0087_20230824_150412,,0,0,,,0,0,0,map_not_found
699,0087_20230824_150412,,0,0,,,0,0,0,map_not_found
700,0088_20230824_150626,,0,0,,,0,0,0,map_not_found
701,0088_20230824_150626,,0,0,,,0,0,0,map_not_found
706,0089_20230824_150838,,0,0,,,0,0,0,map_not_found
707,0089_20230824_150838,,0,0,,,0,0,0,map_not_found
708,0089_20230824_150838,,0,0,,,0,0,0,map_not_found
709,0089_20230824_150838,,0,0,,,0,0,0,map_not_found
710,0089_20230824_150838,,0,0,,,0,0,0,map_not_found
716,0090_20230824_151030,,0,0,,,0,0,0,map_not_found
717,0090_20230824_151030,,0,0,,,0,0,0,map_not_found
718,0090_20230824_151030,,0,0,,,0,0,0,map_not_found
719,0090_20230824_151030,,0,0,,,0,0,0,map_not_found
720,0090_20230824_151030,,0,0,,,0,0,0,map_not_found
722,0090_20230824_151030,,0,0,,,0,0,0,map_not_found
723,0090_20230824_151030,,0,0,,,0,0,0,map_not_found
724,0091_20230824_151258,,0,0,,,0,0,0,map_not_found
725,0091_20230824_151258,,0,0,,,0,0,0,map_not_found
726,0091_20230824_151258,,0,0,,,0,0,0,map_not_found
727,0091_20230824_151258,,0,0,,,0,0,0,map_not_found
728,0091_20230824_151258,,0,0,,,0,0,0,map_not_found
729,0091_20230824_151258,,0,0,,,0,0,0,map_not_found
730,0091_20230824_151258,,0,0,,,0,0,0,map_not_found
731,0091_20230824_151258,,0,0,,,0,0,0,map_not_found
732,0091_20230824_151258,,0,0,,,0,0,0,map_not_found
733,0091_20230824_151258,,0,0,,,0,0,0,map_not_found
734,0091_20230824_151258,,0,0,,,0,0,0,map_not_found
735,0091_20230824_151258,,0,0,,,0,0,0,map_not_found
736,0092_20230824_151421,,0,0,,,0,0,0,map_not_found
737,0092_20230824_151421,,0,0,,,0,0,0,map_not_found
738,0092_20230824_151421,,0,0,,,0,0,0,map_not_found
739,0092_20230824_151421,,0,0,,,0,0,0,map_not_found
740,0092_20230824_151421,,0,0,,,0,0,0,map_not_found
742,0093_20230824_151722,,0,0,,,0,0,0,map_not_found
743,0093_20230824_151722,,0,0,,,0,0,0,map_not_found
745,0093_20230824_151722,,0,0,,,0,0,0,map_not_found
746,0093_20230824_151722,,0,0,,,0,0,0,map_not_found
747,0093_20230824_151722,,0,0,,,0,0,0,map_not_found
749,0093_20230824_151722,,0,0,,,0,0,0,map_not_found
753,0094_20230824_152024,,0,0,,,0,0,0,map_not_found
755,0094_20230824_152024,,0,0,,,0,0,0,map_not_found
761,0095_20230824_152228,,0,0,,,0,0,0,map_not_found
763,0095_20230824_152228,,0,0,,,0,0,0,map_not_found
764,0095_20230824_152228,,0,0,,,0,0,0,map_not_found
767,0096_20230824_152618,,0,0,,,0,0,0,map_not_found
768,0097_20230824_153244,,0,0,,,0,0,0,map_not_found
769,0097_20230824_153244,,0,0,,,0,0,0,map_not_found
772,0098_20230824_153647,,0,0,,,0,0,0,map_not_found
774,0098_20230824_153647,,0,0,,,0,0,0,map_not_found
775,0099_20230824_153922,,0,0,,,0,0,0,map_not_found
776,0099_20230824_153922,,0,0,,,0,0,0,map_not_found
777,0099_20230824_153922,,0,0,,,0,0,0,map_not_found
778,0099_20230824_153922,,0,0,,,0,0,0,map_not_found
780,0100_20230523_092906,,0,0,,,0,0,0,map_not_found
781,0100_20230523_092906,,0,0,,,0,0,0,map_not_found
782,0100_20230523_092906,,0,0,,,0,0,0,map_not_found
785,0100_20230523_092906,,0,0,,,0,0,0,map_not_found
786,0101_20230523_093523,,0,0,,,0,0,0,map_not_found
787,0101_20230523_093523,,0,0,,,0,0,0,map_not_found
788,0101_20230523_093523,,0,0,,,0,0,0,map_not_found
789,0101_20230523_093523,,0,0,,,0,0,0,map_not_found
790,0101_20230523_093523,,0,0,,,0,0,0,map_not_found
791,0101_20230523_093523,,0,0,,,0,0,0,map_not_found
793,0102_20230525_072238,,0,0,,,0,0,0,map_not_found
794,0102_20230525_072238,,0,0,,,0,0,0,map_not_found
796,0102_20230525_072238,,0,0,,,0,0,0,map_not_found
797,0102_20230525_072238,,0,0,,,0,0,0,map_not_found
800,0103_20230526_054435,,0,0,,,0,0,0,map_not_found
802,0103_20230526_054435,,0,0,,,0,0,0,map_not_found
807,0104_20230720_111734,,0,0,,,0,0,0,map_not_found
808,0104_20230720_111734,,0,0,,,0,0,0,map_not_found
809,0104_20230720_111734,,0,0,,,0,0,0,map_not_found
811,0105_20230907_093826,,0,0,,,0,0,0,map_not_found
812,0105_20230907_093826,,0,0,,,0,0,0,map_not_found
813,0105_20230907_093826,,0,0,,,0,0,0,map_not_found
814,0105_20230907_093826,,0,0,,,0,0,0,map_not_found
815,0105_20230907_093826,,0,0,,,0,0,0,map_not_found
817,0105_20230907_093826,,0,0,,,0,0,0,map_not_found
818,0106_20230907_094109,,0,0,,,0,0,0,map_not_found
820,0107_20230907_094835,,0,0,,,0,0,0,map_not_found
821,0107_20230907_094835,,0,0,,,0,0,0,map_not_found
822,0107_20230907_094835,,0,0,,,0,0,0,map_not_found
823,0107_20230907_094835,,0,0,,,0,0,0,map_not_found
825,0107_20230907_094835,,0,0,,,0,0,0,map_not_found
827,0108_20230907_095021,,0,0,,,0,0,0,map_not_found
828,0108_20230907_095021,,0,0,,,0,0,0,map_not_found
830,0108_20230907_095021,,0,0,,,0,0,0,map_not_found
831,0108_20230907_095021,,0,0,,,0,0,0,map_not_found
832,0108_20230907_095021,,0,0,,,0,0,0,map_not_found
833,0108_20230907_095021,,0,0,,,0,0,0,map_not_found
837,0109_20230907_095557,,0,0,,,0,0,0,map_not_found
843,0110_20230907_100145,,0,0,,,0,0,0,map_not_found
844,0110_20230907_100145,,0,0,,,0,0,0,map_not_found
845,0110_20230907_100145,,0,0,,,0,0,0,map_not_found
846,0110_20230907_100145,,0,0,,,0,0,0,map_not_found
849,0111_20230907_100700,,0,0,,,0,0,0,map_not_found
850,0111_20230907_100700,,0,0,,,0,0,0,map_not_found
851,0111_20230907_100700,,0,0,,,0,0,0,map_not_found
852,0111_20230907_100700,,0,0,,,0,0,0,map_not_found
853,0111_20230907_100700,,0,0,,,0,0,0,map_not_found
855,0111_20230907_100700,,0,0,,,0,0,0,map_not_found
858,0112_20230907_101440,,0,0,,,0,0,0,map_not_found
859,0112_20230907_101440,,0,0,,,0,0,0,map_not_found
860,0112_20230907_101440,,0,0,,,0,0,0,map_not_found
861,0112_20230907_101440,,0,0,,,0,0,0,map_not_found
863,0113_20230907_101548,,0,0,,,0,0,0,map_not_found
864,0113_20230907_101548,,0,0,,,0,0,0,map_not_found
865,0113_20230907_101548,,0,0,,,0,0,0,map_not_found
866,0113_20230907_101548,,0,0,,,0,0,0,map_not_found
867,0113_20230907_101548,,0,0,,,0,0,0,map_not_found
868,0113_20230907_101548,,0,0,,,0,0,0,map_not_found
872,0114_20230907_150115,,0,0,,,0,0,0,map_not_found
879,0115_20230907_150353,,0,0,,,0,0,0,map_not_found
885,0117_20230907_150910,,0,0,,,0,0,0,map_not_found
886,0117_20230907_150910,,0,0,,,0,0,0,map_not_found
887,0117_20230907_150910,,0,0,,,0,0,0,map_not_found
888,0117_20230907_150910,,0,0,,,0,0,0,map_not_found
889,0117_20230907_150910,,0,0,,,0,0,0,map_not_found
890,0117_20230907_150910,,0,0,,,0,0,0,map_not_found
891,0117_20230907_150910,,0,0,,,0,0,0,map_not_found
892,0117_20230907_150910,,0,0,,,0,0,0,map_not_found
893,0117_20230907_150910,,0,0,,,0,0,0,map_not_found
894,0117_20230907_150910,,0,0,,,0,0,0,map_not_found
897,0117_20230907_150910,,0,0,,,0,0,0,map_not_found
899,0118_20230907_151157,,0,0,,,0,0,0,map_not_found
901,0118_20230907_151157,,0,0,,,0,0,0,map_not_found
903,0118_20230907_151157,,0,0,,,0,0,0,map_not_found
906,0119_20230907_151317,,0,0,,,0,0,0,map_not_found
910,0120_20230907_151829,,0,0,,,0,0,0,map_not_found
911,0120_20230907_151829,,0,0,,,0,0,0,map_not_found
912,0120_20230907_151829,,0,0,,,0,0,0,map_not_found
919,0121_20230907_152209,,0,0,,,0,0,0,map_not_found
920,0121_20230907_152209,,0,0,,,0,0,0,map_not_found
921,0121_20230907_152209,,0,0,,,0,0,0,map_not_found
922,0121_20230907_152209,,0,0,,,0,0,0,map_not_found
923,0121_20230907_152209,,0,0,,,0,0,0,map_not_found
924,0121_20230907_152209,,0,0,,,0,0,0,map_not_found
925,0121_20230907_152209,,0,0,,,0,0,0,map_not_found
926,0121_20230907_152209,,0,0,,,0,0,0,map_not_found
927,0121_20230907_152209,,0,0,,,0,0,0,map_not_found
932,0122_20230907_152634,,0,0,,,0,0,0,map_not_found
933,0122_20230907_152634,,0,0,,,0,0,0,map_not_found
934,0122_20230907_152634,,0,0,,,0,0,0,map_not_found
940,0123_20230907_152856,,0,0,,,0,0,0,map_not_found
941,0123_20230907_152856,,0,0,,,0,0,0,map_not_found
942,0123_20230907_152856,,0,0,,,0,0,0,map_not_found
944,0123_20230907_152856,,0,0,,,0,0,0,map_not_found
946,0123_20230907_152856,,0,0,,,0,0,0,map_not_found
947,0123_20230907_152856,,0,0,,,0,0,0,map_not_found
950,0124_20230907_153102,,0,0,,,0,0,0,map_not_found
951,0124_20230907_153102,,0,0,,,0,0,0,map_not_found
955,0125_20230907_153217,,0,0,,,0,0,0,map_not_found
958,0126_20230907_153342,,0,0,,,0,0,0,map_not_found
959,0126_20230907_153342,,0,0,,,0,0,0,map_not_found
960,0126_20230907_153342,,0,0,,,0,0,0,map_not_found
961,0126_20230907_153342,,0,0,,,0,0,0,map_not_found
963,0126_20230907_153342,,0,0,,,0,0,0,map_not_found
966,0127_20230907_153547,,0,0,,,0,0,0,map_not_found
967,0127_20230907_153547,,0,0,,,0,0,0,map_not_found
968,0127_20230907_153547,,0,0,,,0,0,0,map_not_found
969,0127_20230907_153547,,0,0,,,0,0,0,map_not_found
970,0127_20230907_153547,,0,0,,,0,0,0,map_not_found
972,0128_20230911_133347,,0,0,,,0,0,0,map_not_found
973,0128_20230911_133347,,0,0,,,0,0,0,map_not_found
974,0128_20230911_133347,,0,0,,,0,0,0,map_not_found
976,0128_20230911_133347,,0,0,,,0,0,0,map_not_found
979,0128_20230911_133347,,0,0,,,0,0,0,map_not_found
982,0128_20230911_133347,,0,0,,,0,0,0,map_not_found
985,0129_20230911_133554,,0,0,,,0,0,0,map_not_found
988,0129_20230911_133554,,0,0,,,0,0,0,map_not_found
990,0129_20230911_133554,,0,0,,,0,0,0,map_not_found
991,0129_20230911_133554,,0,0,,,0,0,0,map_not_found
995,0130_20230911_133827,,0,0,,,0,0,0,map_not_found
996,0130_20230911_133827,,0,0,,,0,0,0,map_not_found
997,0130_20230911_133827,,0,0,,,0,0,0,map_not_found
998,0130_20230911_133827,,0,0,,,0,0,0,map_not_found
1007,0131_20230911_134131,,0,0,,,0,0,0,map_not_found
1009,0131_20230911_134131,,0,0,,,0,0,0,map_not_found
1011,0131_20230911_134131,,0,0,,,0,0,0,map_not_found
1013,0131_20230911_134131,,0,0,,,0,0,0,map_not_found
1020,0133_20230911_135155,,0,0,,,0,0,0,map_not_found
1021,0133_20230911_135155,,0,0,,,0,0,0,map_not_found
1022,0133_20230911_135155,,0,0,,,0,0,0,map_not_found
1023,0133_20230911_135155,,0,0,,,0,0,0,map_not_found
1024,0133_20230911_135155,,0,0,,,0,0,0,map_not_found
1025,0133_20230911_135155,,0,0,,,0,0,0,map_not_found
1026,0133_20230911_135155,,0,0,,,0,0,0,map_not_found
1032,0134_20230911_135502,,0,0,,,0,0,0,map_not_found
1033,0134_20230911_135502,,0,0,,,0,0,0,map_not_found
1034,0134_20230911_135502,,0,0,,,0,0,0,map_not_found
1037,0134_20230911_135502,,0,0,,,0,0,0,map_not_found
1040,0134_20230911_135502,,0,0,,,0,0,0,map_not_found
1041,0134_20230911_135502,,0,0,,,0,0,0,map_not_found
1044,0135_20230911_140201,,0,0,,,0,0,0,map_not_found
1045,0135_20230911_140201,,0,0,,,0,0,0,map_not_found
1046,0135_20230911_140201,,0,0,,,0,0,0,map_not_found
1047,0135_20230911_140201,,0,0,,,0,0,0,map_not_found
1053,0136_20230911_140751,,0,0,,,0,0,0,map_not_found
1054,0136_20230911_140751,,0,0,,,0,0,0,map_not_found
1055,0136_20230911_140751,,0,0,,,0,0,0,map_not_found
1056,0136_20230911_140751,,0,0,,,0,0,0,map_not_found
1057,0136_20230911_140751,,0,0,,,0,0,0,map_not_found
1059,0137_20230911_140955,,0,0,,,0,0,0,map_not_found
1060,0137_20230911_140955,,0,0,,,0,0,0,map_not_found
1061,0137_20230911_140955,,0,0,,,0,0,0,map_not_found
1062,0137_20230911_140955,,0,0,,,0,0,0,map_not_found
1067,0138_20230911_141227,,0,0,,,0,0,0,map_not_found
1068,0138_20230911_141227,,0,0,,,0,0,0,map_not_found
1069,0138_20230911_141227,,0,0,,,0,0,0,map_not_found
1070,0138_20230911_141227,,0,0,,,0,0,0,map_not_found
1071,0139_20230911_142131,,0,0,,,0,0,0,map_not_found
1072,0139_20230911_142131,,0,0,,,0,0,0,map_not_found
1073,0139_20230911_142131,,0,0,,,0,0,0,map_not_found
1075,0140_20230911_142624,,0,0,,,0,0,0,map_not_found
1076,0140_20230911_142624,,0,0,,,0,0,0,map_not_found
1077,0140_20230911_142624,,0,0,,,0,0,0,map_not_found
1078,0140_20230911_142624,,0,0,,,0,0,0,map_not_found
1079,0140_20230911_142624,,0,0,,,0,0,0,map_not_found
1080,0140_20230911_142624,,0,0,,,0,0,0,map_not_found
1081,0140_20230911_142624,,0,0,,,0,0,0,map_not_found
1082,0140_20230911_142624,,0,0,,,0,0,0,map_not_found
1083,0140_20230911_142624,,0,0,,,0,0,0,map_not_found
1084,0140_20230911_142624,,0,0,,,0,0,0,map_not_found
1085,0140_20230911_142624,,0,0,,,0,0,0,map_not_found
1087,0140_20230911_142624,,0,0,,,0,0,0,map_not_found
1090,0140_20230911_142624,,0,0,,,0,0,0,map_not_found
1093,0140_20230911_142624,,0,0,,,0,0,0,map_not_found
1095,0141_20230911_142929,,0,0,,,0,0,0,map_not_found
1096,0141_20230911_142929,,0,0,,,0,0,0,map_not_found
1100,0142_20230911_143409,,0,0,,,0,0,0,map_not_found
1101,0142_20230911_143409,,0,0,,,0,0,0,map_not_found
1102,0142_20230911_143409,,0,0,,,0,0,0,map_not_found
1103,0142_20230911_143409,,0,0,,,0,0,0,map_not_found
1104,0142_20230911_143409,,0,0,,,0,0,0,map_not_found
1105,0142_20230911_143409,,0,0,,,0,0,0,map_not_found
1109,0143_20230911_144009,,0,0,,,0,0,0,map_not_found
1117,0144_20230912_052403,,0,0,,,0,0,0,map_not_found
1118,0144_20230912_052403,,0,0,,,0,0,0,map_not_found
1120,0144_20230912_052403,,0,0,,,0,0,0,map_not_found
1121,0144_20230912_052403,,0,0,,,0,0,0,map_not_found
1129,0146_20230912_052720,,0,0,,,0,0,0,map_not_found
1131,0146_20230912_052720,,0,0,,,0,0,0,map_not_found
1132,0146_20230912_052720,,0,0,,,0,0,0,map_not_found
1134,0146_20230912_052720,,0,0,,,0,0,0,map_not_found
1146,0148_20230912_053148,,0,0,,,0,0,0,map_not_found
1147,0148_20230912_053148,,0,0,,,0,0,0,map_not_found
1149,0148_20230912_053148,,0,0,,,0,0,0,map_not_found
1150,0148_20230912_053148,,0,0,,,0,0,0,map_not_found
1151,0148_20230912_053148,,0,0,,,0,0,0,map_not_found
1153,0148_20230912_053148,,0,0,,,0,0,0,map_not_found
1154,0148_20230912_053148,,0,0,,,0,0,0,map_not_found
1155,0148_20230912_053148,,0,0,,,0,0,0,map_not_found
1159,0149_20230912_053412,,0,0,,,0,0,0,map_not_found
1160,0149_20230912_053412,,0,0,,,0,0,0,map_not_found
1161,0149_20230912_053412,,0,0,,,0,0,0,map_not_found
1162,0149_20230912_053412,,0,0,,,0,0,0,map_not_found
1165,0150_20230912_053814,,0,0,,,0,0,0,map_not_found
1166,0150_20230912_053814,,0,0,,,0,0,0,map_not_found
1167,0150_20230912_053814,,0,0,,,0,0,0,map_not_found
1172,0151_20230912_054106,,0,0,,,0,0,0,map_not_found
1173,0151_20230912_054106,,0,0,,,0,0,0,map_not_found
1174,0151_20230912_054106,,0,0,,,0,0,0,map_not_found
1175,0151_20230912_054106,,0,0,,,0,0,0,map_not_found
1176,0151_20230912_054106,,0,0,,,0,0,0,map_not_found
1178,0151_20230912_054106,,0,0,,,0,0,0,map_not_found
1182,0152_20230912_054235,,0,0,,,0,0,0,map_not_found
1184,0152_20230912_054235,,0,0,,,0,0,0,map_not_found
1186,0152_20230912_054235,,0,0,,,0,0,0,map_not_found
1193,0153_20230912_054740,,0,0,,,0,0,0,map_not_found
1202,0154_20230912_055226,,0,0,,,0,0,0,map_not_found
1214,0156_20230912_060032,,0,0,,,0,0,0,map_not_found
1216,0156_20230912_060032,,0,0,,,0,0,0,map_not_found
1217,0156_20230912_060032,,0,0,,,0,0,0,map_not_found
1218,0156_20230912_060032,,0,0,,,0,0,0,map_not_found
1219,0156_20230912_060032,,0,0,,,0,0,0,map_not_found
1225,0158_20230912_061136,,0,0,,,0,0,0,map_not_found
1226,0158_20230912_061136,,0,0,,,0,0,0,map_not_found
1227,0158_20230912_061136,,0,0,,,0,0,0,map_not_found
1228,0159_20230914_110653,,0,0,,,0,0,0,map_not_found
1229,0159_20230914_110653,,0,0,,,0,0,0,map_not_found
1230,0159_20230914_110653,,0,0,,,0,0,0,map_not_found
1231,0159_20230914_110653,,0,0,,,0,0,0,map_not_found
1232,0159_20230914_110653,,0,0,,,0,0,0,map_not_found
1234,0159_20230914_110653,,0,0,,,0,0,0,map_not_found
1235,0160_20230914_110820,,0,0,,,0,0,0,map_not_found
1236,0160_20230914_110820,,0,0,,,0,0,0,map_not_found
1237,0160_20230914_110820,,0,0,,,0,0,0,map_not_found
1239,0160_20230914_110820,,0,0,,,0,0,0,map_not_found
1240,0160_20230914_110820,,0,0,,,0,0,0,map_not_found
1242,0161_20230914_112215,,0,0,,,0,0,0,map_not_found
1243,0161_20230914_112215,,0,0,,,0,0,0,map_not_found
1244,0161_20230914_112215,,0,0,,,0,0,0,map_not_found
1245,0161_20230914_112215,,0,0,,,0,0,0,map_not_found
1248,0161_20230914_112215,,0,0,,,0,0,0,map_not_found
1249,0161_20230914_112215,,0,0,,,0,0,0,map_not_found
1250,0161_20230914_112215,,0,0,,,0,0,0,map_not_found
1251,0161_20230914_112215,,0,0,,,0,0,0,map_not_found
1253,0162_20230914_113356,,0,0,,,0,0,0,map_not_found
1254,0162_20230914_113356,,0,0,,,0,0,0,map_not_found
1255,0162_20230914_113356,,0,0,,,0,0,0,map_not_found
1256,0162_20230914_113356,,0,0,,,0,0,0,map_not_found
1258,0162_20230914_113356,,0,0,,,0,0,0,map_not_found
1259,0162_20230914_113356,,0,0,,,0,0,0,map_not_found
1264,0163_20231023_052403,,0,0,,,0,0,0,map_not_found
1265,0163_20231023_052403,,0,0,,,0,0,0,map_not_found
1267,0164_20231023_053155,,0,0,,,0,0,0,map_not_found
1268,0164_20231023_053155,,0,0,,,0,0,0,map_not_found
1273,0165_20231023_053327,,0,0,,,0,0,0,map_not_found
1283,0166_20231023_053531,,0,0,,,0,0,0,map_not_found
1284,0166_20231023_053531,,0,0,,,0,0,0,map_not_found
1286,0166_20231023_053531,,0,0,,,0,0,0,map_not_found
1288,0167_20231023_053654,,0,0,,,0,0,0,map_not_found
1290,0167_20231023_053654,,0,0,,,0,0,0,map_not_found
1291,0167_20231023_053654,,0,0,,,0,0,0,map_not_found
1293,0167_20231023_053654,,0,0,,,0,0,0,map_not_found
1300,0168_20231023_054534,,0,0,,,0,0,0,map_not_found
1301,0168_20231023_054534,,0,0,,,0,0,0,map_not_found
1302,0169_20231023_054710,,0,0,,,0,0,0,map_not_found
1303,0169_20231023_054710,,0,0,,,0,0,0,map_not_found
1304,0169_20231023_054710,,0,0,,,0,0,0,map_not_found
1305,0169_20231023_054710,,0,0,,,0,0,0,map_not_found
1306,0169_20231023_054710,,0,0,,,0,0,0,map_not_found
1308,0169_20231023_054710,,0,0,,,0,0,0,map_not_found
1309,0169_20231023_054710,,0,0,,,0,0,0,map_not_found
1310,0169_20231023_054710,,0,0,,,0,0,0,map_not_found
1312,0170_20231023_054844,,0,0,,,0,0,0,map_not_found
1313,0170_20231023_054844,,0,0,,,0,0,0,map_not_found
1314,0170_20231023_054844,,0,0,,,0,0,0,map_not_found
1315,0170_20231023_054844,,0,0,,,0,0,0,map_not_found
1316,0170_20231023_054844,,0,0,,,0,0,0,map_not_found
1317,0170_20231023_054844,,0,0,,,0,0,0,map_not_found
1318,0170_20231023_054844,,0,0,,,0,0,0,map_not_found
1320,0171_20231023_055134,,0,0,,,0,0,0,map_not_found
1321,0171_20231023_055134,,0,0,,,0,0,0,map_not_found
1322,0171_20231023_055134,,0,0,,,0,0,0,map_not_found
1324,0171_20231023_055134,,0,0,,,0,0,0,map_not_found
1327,0172_20231023_055403,,0,0,,,0,0,0,map_not_found
1328,0173_20231023_055539,,0,0,,,0,0,0,map_not_found
1329,0173_20231023_055539,,0,0,,,0,0,0,map_not_found
1330,0173_20231023_055539,,0,0,,,0,0,0,map_not_found
1332,0173_20231023_055539,,0,0,,,0,0,0,map_not_found
1333,0173_20231023_055539,,0,0,,,0,0,0,map_not_found
1334,0173_20231023_055539,,0,0,,,0,0,0,map_not_found
1338,0174_20231023_055749,,0,0,,,0,0,0,map_not_found
1339,0174_20231023_055749,,0,0,,,0,0,0,map_not_found
1341,0174_20231023_055749,,0,0,,,0,0,0,map_not_found
1342,0174_20231023_055749,,0,0,,,0,0,0,map_not_found
1343,0174_20231023_055749,,0,0,,,0,0,0,map_not_found
1344,0174_20231023_055749,,0,0,,,0,0,0,map_not_found
1345,0174_20231023_055749,,0,0,,,0,0,0,map_not_found
1346,0174_20231023_055749,,0,0,,,0,0,0,map_not_found
1348,0174_20231023_055749,,0,0,,,0,0,0,map_not_found
1349,0174_20231023_055749,,0,0,,,0,0,0,map_not_found
1351,0175_20231023_060538,,0,0,,,0,0,0,map_not_found
1353,0175_20231023_060538,,0,0,,,0,0,0,map_not_found
1354,0175_20231023_060538,,0,0,,,0,0,0,map_not_found
1356,0175_20231023_060538,,0,0,,,0,0,0,map_not_found
1358,0176_20231023_060842,,0,0,,,0,0,0,map_not_found
1359,0176_20231023_060842,,0,0,,,0,0,0,map_not_found
1362,0177_20231023_061222,,0,0,,,0,0,0,map_not_found
1363,0177_20231023_061222,,0,0,,,0,0,0,map_not_found
1364,0177_20231023_061222,,0,0,,,0,0,0,map_not_found
1365,0177_20231023_061222,,0,0,,,0,0,0,map_not_found
1366,0177_20231023_061222,,0,0,,,0,0,0,map_not_found
1368,0177_20231023_061222,,0,0,,,0,0,0,map_not_found
1371,0178_20231023_101814,,0,0,,,0,0,0,map_not_found
1372,0178_20231023_101814,,0,0,,,0,0,0,map_not_found
1373,0178_20231023_101814,,0,0,,,0,0,0,map_not_found
1374,0178_20231023_101814,,0,0,,,0,0,0,map_not_found
1375,0178_20231023_101814,,0,0,,,0,0,0,map_not_found
1376,0178_20231023_101814,,0,0,,,0,0,0,map_not_found
1377,0178_20231023_101814,,0,0,,,0,0,0,map_not_found
1378,0179_20231023_102123,,0,0,,,0,0,0,map_not_found
1379,0179_20231023_102123,,0,0,,,0,0,0,map_not_found
1382,0179_20231023_102123,,0,0,,,0,0,0,map_not_found
1383,0179_20231023_102123,,0,0,,,0,0,0,map_not_found
1389,0180_20231023_102627,,0,0,,,0,0,0,map_not_found
1390,0180_20231023_102627,,0,0,,,0,0,0,map_not_found
1391,0180_20231023_102627,,0,0,,,0,0,0,map_not_found
1392,0180_20231023_102627,,0,0,,,0,0,0,map_not_found
1393,0180_20231023_102627,,0,0,,,0,0,0,map_not_found
1394,0180_20231023_102627,,0,0,,,0,0,0,map_not_found
1395,0180_20231023_102627,,0,0,,,0,0,0,map_not_found
1396,0180_20231023_102627,,0,0,,,0,0,0,map_not_found
1398,0181_20231023_103923,,0,0,,,0,0,0,map_not_found
1399,0181_20231023_103923,,0,0,,,0,0,0,map_not_found
1400,0181_20231023_103923,,0,0,,,0,0,0,map_not_found
1401,0181_20231023_103923,,0,0,,,0,0,0,map_not_found
1402,0181_20231023_103923,,0,0,,,0,0,0,map_not_found
1403,0181_20231023_103923,,0,0,,,0,0,0,map_not_found
1404,0181_20231023_103923,,0,0,,,0,0,0,map_not_found
1405,0181_20231023_103923,,0,0,,,0,0,0,map_not_found
1407,0181_20231023_103923,,0,0,,,0,0,0,map_not_found
1409,0181_20231023_103923,,0,0,,,0,0,0,map_not_found
1410,0182_20231023_104209,,0,0,,,0,0,0,map_not_found
1411,0182_20231023_104209,,0,0,,,0,0,0,map_not_found
1412,0182_20231023_104209,,0,0,,,0,0,0,map_not_found
1413,0182_20231023_104209,,0,0,,,0,0,0,map_not_found
1414,0182_20231023_104209,,0,0,,,0,0,0,map_not_found
1415,0182_20231023_104209,,0,0,,,0,0,0,map_not_found
1416,0182_20231023_104209,,0,0,,,0,0,0,map_not_found
1417,0182_20231023_104209,,0,0,,,0,0,0,map_not_found
1418,0182_20231023_104209,,0,0,,,0,0,0,map_not_found
1419,0182_20231023_104209,,0,0,,,0,0,0,map_not_found
1420,0182_20231023_104209,,0,0,,,0,0,0,map_not_found
1421,0182_20231023_104209,,0,0,,,0,0,0,map_not_found
1422,0182_20231023_104209,,0,0,,,0,0,0,map_not_found
1423,0182_20231023_104209,,0,0,,,0,0,0,map_not_found
1425,0182_20231023_104209,,0,0,,,0,0,0,map_not_found
1426,0182_20231023_104209,,0,0,,,0,0,0,map_not_found
1428,0183_20231023_104431,,0,0,,,0,0,0,map_not_found
1429,0183_20231023_104431,,0,0,,,0,0,0,map_not_found
1430,0183_20231023_104431,,0,0,,,0,0,0,map_not_found
1431,0183_20231023_104431,,0,0,,,0,0,0,map_not_found
1432,0183_20231023_104431,,0,0,,,0,0,0,map_not_found
1433,0183_20231023_104431,,0,0,,,0,0,0,map_not_found
1434,0183_20231023_104431,,0,0,,,0,0,0,map_not_found
1435,0183_20231023_104431,,0,0,,,0,0,0,map_not_found
1437,0183_20231023_104431,,0,0,,,0,0,0,map_not_found
1438,0184_20231023_105026,,0,0,,,0,0,0,map_not_found
1439,0184_20231023_105026,,0,0,,,0,0,0,map_not_found
1441,0184_20231023_105026,,0,0,,,0,0,0,map_not_found
1442,0184_20231023_105026,,0,0,,,0,0,0,map_not_found
1443,0184_20231023_105026,,0,0,,,0,0,0,map_not_found
1444,0184_20231023_105026,,0,0,,,0,0,0,map_not_found
1446,0185_20231023_105144,,0,0,,,0,0,0,map_not_found
1448,0185_20231023_105144,,0,0,,,0,0,0,map_not_found
1449,0185_20231023_105144,,0,0,,,0,0,0,map_not_found
1450,0185_20231023_105144,,0,0,,,0,0,0,map_not_found
1452,0185_20231023_105144,,0,0,,,0,0,0,map_not_found
1454,0186_20231023_105352,,0,0,,,0,0,0,map_not_found
1455,0186_20231023_105352,,0,0,,,0,0,0,map_not_found
1456,0186_20231023_105352,,0,0,,,0,0,0,map_not_found
1457,0186_20231023_105352,,0,0,,,0,0,0,map_not_found
1458,0186_20231023_105352,,0,0,,,0,0,0,map_not_found
1459,0186_20231023_105352,,0,0,,,0,0,0,map_not_found
1460,0186_20231023_105352,,0,0,,,0,0,0,map_not_found
1461,0186_20231023_105352,,0,0,,,0,0,0,map_not_found
1462,0186_20231023_105352,,0,0,,,0,0,0,map_not_found
1463,0186_20231023_105352,,0,0,,,0,0,0,map_not_found
1464,0186_20231023_105352,,0,0,,,0,0,0,map_not_found
1465,0186_20231023_105352,,0,0,,,0,0,0,map_not_found
1466,0186_20231023_105352,,0,0,,,0,0,0,map_not_found
1467,0186_20231023_105352,,0,0,,,0,0,0,map_not_found
1468,0186_20231023_105352,,0,0,,,0,0,0,map_not_found
1469,0186_20231023_105352,,0,0,,,0,0,0,map_not_found
1470,0186_20231023_105352,,0,0,,,0,0,0,map_not_found
1475,0187_20231023_105950,,0,0,,,0,0,0,map_not_found
1477,0187_20231023_105950,,0,0,,,0,0,0,map_not_found
1478,0187_20231023_105950,,0,0,,,0,0,0,map_not_found
1479,0187_20231023_105950,,0,0,,,0,0,0,map_not_found
1480,0187_20231023_105950,,0,0,,,0,0,0,map_not_found
1481,0187_20231023_105950,,0,0,,,0,0,0,map_not_found
1485,0187_20231023_105950,,0,0,,,0,0,0,map_not_found
1486,0187_20231023_105950,,0,0,,,0,0,0,map_not_found
1488,0187_20231023_105950,,0,0,,,0,0,0,map_not_found
1493,0188_20231023_110247,,0,0,,,0,0,0,map_not_found
1494,0188_20231023_110247,,0,0,,,0,0,0,map_not_found
1495,0188_20231023_110247,,0,0,,,0,0,0,map_not_found
1498,0188_20231023_110247,,0,0,,,0,0,0,map_not_found
1499,0188_20231023_110247,,0,0,,,0,0,0,map_not_found
1500,0188_20231023_110247,,0,0,,,0,0,0,map_not_found
1501,0188_20231023_110247,,0,0,,,0,0,0,map_not_found
1502,0188_20231023_110247,,0,0,,,0,0,0,map_not_found
1504,0189_20231023_110404,,0,0,,,0,0,0,map_not_found
1505,0189_20231023_110404,,0,0,,,0,0,0,map_not_found
1506,0189_20231023_110404,,0,0,,,0,0,0,map_not_found
1507,0189_20231023_110404,,0,0,,,0,0,0,map_not_found
1508,0189_20231023_110404,,0,0,,,0,0,0,map_not_found
1509,0189_20231023_110404,,0,0,,,0,0,0,map_not_found
1510,0189_20231023_110404,,0,0,,,0,0,0,map_not_found
1511,0189_20231023_110404,,0,0,,,0,0,0,map_not_found
1512,0189_20231023_110404,,0,0,,,0,0,0,map_not_found
1513,0189_20231023_110404,,0,0,,,0,0,0,map_not_found
1515,0189_20231023_110404,,0,0,,,0,0,0,map_not_found
1516,0189_20231023_110404,,0,0,,,0,0,0,map_not_found
1517,0189_20231023_110404,,0,0,,,0,0,0,map_not_found
1519,0189_20231023_110404,,0,0,,,0,0,0,map_not_found
1521,0189_20231023_110404,,0,0,,,0,0,0,map_not_found
1522,0189_20231023_110404,,0,0,,,0,0,0,map_not_found
1524,0189_20231023_110404,,0,0,,,0,0,0,map_not_found
1532,0190_20231023_110920,,0,0,,,0,0,0,map_not_found
1533,0190_20231023_110920,,0,0,,,0,0,0,map_not_found
1534,0190_20231023_110920,,0,0,,,0,0,0,map_not_found
1535,0190_20231023_110920,,0,0,,,0,0,0,map_not_found
1536,0190_20231023_110920,,0,0,,,0,0,0,map_not_found
1537,0190_20231023_110920,,0,0,,,0,0,0,map_not_found
1538,0190_20231023_110920,,0,0,,,0,0,0,map_not_found
1539,0190_20231023_110920,,0,0,,,0,0,0,map_not_found
1543,0191_20231023_111157,,0,0,,,0,0,0,map_not_found
1545,0191_20231023_111157,,0,0,,,0,0,0,map_not_found
1546,0191_20231023_111157,,0,0,,,0,0,0,map_not_found
1547,0191_20231023_111157,,0,0,,,0,0,0,map_not_found
1548,0191_20231023_111157,,0,0,,,0,0,0,map_not_found
1549,0191_20231023_111157,,0,0,,,0,0,0,map_not_found
1550,0191_20231023_111157,,0,0,,,0,0,0,map_not_found
1552,0191_20231023_111157,,0,0,,,0,0,0,map_not_found
1553,0191_20231023_111157,,0,0,,,0,0,0,map_not_found
1555,0191_20231023_111157,,0,0,,,0,0,0,map_not_found
1559,0192_20231023_111453,,0,0,,,0,0,0,map_not_found
1561,0192_20231023_111453,,0,0,,,0,0,0,map_not_found
1562,0192_20231023_111453,,0,0,,,0,0,0,map_not_found
1563,0192_20231023_111453,,0,0,,,0,0,0,map_not_found
1564,0192_20231023_111453,,0,0,,,0,0,0,map_not_found
1566,0193_20231023_133332,,0,0,,,0,0,0,map_not_found
1567,0193_20231023_133332,,0,0,,,0,0,0,map_not_found
1568,0193_20231023_133332,,0,0,,,0,0,0,map_not_found
1569,0193_20231023_133332,,0,0,,,0,0,0,map_not_found
1570,0193_20231023_133332,,0,0,,,0,0,0,map_not_found
1571,0193_20231023_133332,,0,0,,,0,0,0,map_not_found
1572,0193_20231023_133332,,0,0,,,0,0,0,map_not_found
1573,0193_20231023_133332,,0,0,,,0,0,0,map_not_found
1575,0193_20231023_133332,,0,0,,,0,0,0,map_not_found
1576,0193_20231023_133332,,0,0,,,0,0,0,map_not_found
1577,0193_20231023_133332,,0,0,,,0,0,0,map_not_found
1578,0193_20231023_133332,,0,0,,,0,0,0,map_not_found
1579,0193_20231023_133332,,0,0,,,0,0,0,map_not_found
1580,0193_20231023_133332,,0,0,,,0,0,0,map_not_found
1581,0193_20231023_133332,,0,0,,,0,0,0,map_not_found
1582,0193_20231023_133332,,0,0,,,0,0,0,map_not_found
1583,0193_20231023_133332,,0,0,,,0,0,0,map_not_found
1584,0193_20231023_133332,,0,0,,,0,0,0,map_not_found
1585,0193_20231023_133332,,0,0,,,0,0,0,map_not_found
1586,0193_20231023_133332,,0,0,,,0,0,0,map_not_found
1588,0193_20231023_133332,,0,0,,,0,0,0,map_not_found
1590,0193_20231023_133332,,0,0,,,0,0,0,map_not_found
1591,0193_20231023_133332,,0,0,,,0,0,0,map_not_found
1592,0193_20231023_133332,,0,0,,,0,0,0,map_not_found
1593,0193_20231023_133332,,0,0,,,0,0,0,map_not_found
1594,0193_20231023_133332,,0,0,,,0,0,0,map_not_found
1596,0194_20231023_133710,,0,0,,,0,0,0,map_not_found
1597,0194_20231023_133710,,0,0,,,0,0,0,map_not_found
1598,0194_20231023_133710,,0,0,,,0,0,0,map_not_found
1599,0194_20231023_133710,,0,0,,,0,0,0,map_not_found
1600,0194_20231023_133710,,0,0,,,0,0,0,map_not_found
1602,0194_20231023_133710,,0,0,,,0,0,0,map_not_found
1603,0194_20231023_133710,,0,0,,,0,0,0,map_not_found
1604,0194_20231023_133710,,0,0,,,0,0,0,map_not_found
1605,0194_20231023_133710,,0,0,,,0,0,0,map_not_found
1606,0194_20231023_133710,,0,0,,,0,0,0,map_not_found
1607,0194_20231023_133710,,0,0,,,0,0,0,map_not_found
1609,0195_20231023_133916,,0,0,,,0,0,0,map_not_found
1610,0195_20231023_133916,,0,0,,,0,0,0,map_not_found
1611,0195_20231023_133916,,0,0,,,0,0,0,map_not_found
1612,0195_20231023_133916,,0,0,,,0,0,0,map_not_found
1613,0195_20231023_133916,,0,0,,,0,0,0,map_not_found
1614,0195_20231023_133916,,0,0,,,0,0,0,map_not_found
1615,0195_20231023_133916,,0,0,,,0,0,0,map_not_found
1617,0195_20231023_133916,,0,0,,,0,0,0,map_not_found
1618,0195_20231023_133916,,0,0,,,0,0,0,map_not_found
1619,0195_20231023_133916,,0,0,,,0,0,0,map_not_found
1620,0195_20231023_133916,,0,0,,,0,0,0,map_not_found
1621,0195_20231023_133916,,0,0,,,0,0,0,map_not_found
1624,0195_20231023_133916,,0,0,,,0,0,0,map_not_found
1625,0195_20231023_133916,,0,0,,,0,0,0,map_not_found
1626,0195_20231023_133916,,0,0,,,0,0,0,map_not_found
1628,0195_20231023_133916,,0,0,,,0,0,0,map_not_found
1632,0196_20231023_134236,,0,0,,,0,0,0,map_not_found
1633,0196_20231023_134236,,0,0,,,0,0,0,map_not_found
1634,0196_20231023_134236,,0,0,,,0,0,0,map_not_found
1635,0196_20231023_134236,,0,0,,,0,0,0,map_not_found
1636,0196_20231023_134236,,0,0,,,0,0,0,map_not_found
1637,0196_20231023_134236,,0,0,,,0,0,0,map_not_found
1638,0196_20231023_134236,,0,0,,,0,0,0,map_not_found
1639,0196_20231023_134236,,0,0,,,0,0,0,map_not_found
1641,0196_20231023_134236,,0,0,,,0,0,0,map_not_found
1642,0197_20231023_134441,,0,0,,,0,0,0,map_not_found
1643,0197_20231023_134441,,0,0,,,0,0,0,map_not_found
1645,0197_20231023_134441,,0,0,,,0,0,0,map_not_found
1646,0197_20231023_134441,,0,0,,,0,0,0,map_not_found
1647,0197_20231023_134441,,0,0,,,0,0,0,map_not_found
1648,0197_20231023_134441,,0,0,,,0,0,0,map_not_found
1650,0197_20231023_134441,,0,0,,,0,0,0,map_not_found
1655,0198_20231023_134749,,0,0,,,0,0,0,map_not_found
1656,0198_20231023_134749,,0,0,,,0,0,0,map_not_found
1657,0198_20231023_134749,,0,0,,,0,0,0,map_not_found
1659,0198_20231023_134749,,0,0,,,0,0,0,map_not_found
1661,0198_20231023_134749,,0,0,,,0,0,0,map_not_found
1662,0198_20231023_134749,,0,0,,,0,0,0,map_not_found
1663,0198_20231023_134749,,0,0,,,0,0,0,map_not_found
1664,0198_20231023_134749,,0,0,,,0,0,0,map_not_found
1666,0198_20231023_134749,,0,0,,,0,0,0,map_not_found
1667,0198_20231023_134749,,0,0,,,0,0,0,map_not_found
1668,0198_20231023_134749,,0,0,,,0,0,0,map_not_found
1669,0198_20231023_134749,,0,0,,,0,0,0,map_not_found
1670,0198_20231023_134749,,0,0,,,0,0,0,map_not_found
1671,0198_20231023_134749,,0,0,,,0,0,0,map_not_found
1672,0198_20231023_134749,,0,0,,,0,0,0,map_not_found
1674,0198_20231023_134749,,0,0,,,0,0,0,map_not_found
1676,0198_20231023_134749,,0,0,,,0,0,0,map_not_found
1677,0198_20231023_134749,,0,0,,,0,0,0,map_not_found
1678,0198_20231023_134749,,0,0,,,0,0,0,map_not_found
1679,0198_20231023_134749,,0,0,,,0,0,0,map_not_found
1685,0199_20231023_135220,,0,0,,,0,0,0,map_not_found
1686,0199_20231023_135220,,0,0,,,0,0,0,map_not_found
1687,0199_20231023_135220,,0,0,,,0,0,0,map_not_found
1688,0199_20231023_135220,,0,0,,,0,0,0,map_not_found
1689,0199_20231023_135220,,0,0,,,0,0,0,map_not_found
1690,0199_20231023_135220,,0,0,,,0,0,0,map_not_found
1692,0199_20231023_135220,,0,0,,,0,0,0,map_not_found
1693,0199_20231023_135220,,0,0,,,0,0,0,map_not_found
1694,0200_20231031_115632,,0,0,,,0,0,0,map_not_found
1695,0200_20231031_115632,,0,0,,,0,0,0,map_not_found
1696,0200_20231031_115632,,0,0,,,0,0,0,map_not_found
1697,0200_20231031_115632,,0,0,,,0,0,0,map_not_found
1698,0200_20231031_115632,,0,0,,,0,0,0,map_not_found
1699,0200_20231031_115632,,0,0,,,0,0,0,map_not_found
1700,0200_20231031_115632,,0,0,,,0,0,0,map_not_found
1701,0200_20231031_115632,,0,0,,,0,0,0,map_not_found
1702,0200_20231031_115632,,0,0,,,0,0,0,map_not_found
1703,0200_20231031_115632,,0,0,,,0,0,0,map_not_found
1705,0200_20231031_115632,,0,0,,,0,0,0,map_not_found
1708,0201_20231031_115934,,0,0,,,0,0,0,map_not_found
1709,0201_20231031_115934,,0,0,,,0,0,0,map_not_found
1710,0201_20231031_115934,,0,0,,,0,0,0,map_not_found
1711,0201_20231031_115934,,0,0,,,0,0,0,map_not_found
1712,0201_20231031_115934,,0,0,,,0,0,0,map_not_found
1714,0201_20231031_115934,,0,0,,,0,0,0,map_not_found
1715,0201_20231031_115934,,0,0,,,0,0,0,map_not_found
1717,0202_20231031_120413,,0,0,,,0,0,0,map_not_found
1718,0202_20231031_120413,,0,0,,,0,0,0,map_not_found
1719,0202_20231031_120413,,0,0,,,0,0,0,map_not_found
1720,0202_20231031_120413,,0,0,,,0,0,0,map_not_found
1721,0202_20231031_120413,,0,0,,,0,0,0,map_not_found
1722,0202_20231031_120413,,0,0,,,0,0,0,map_not_found
1723,0202_20231031_120413,,0,0,,,0,0,0,map_not_found
1724,0202_20231031_120413,,0,0,,,0,0,0,map_not_found
1725,0202_20231031_120413,,0,0,,,0,0,0,map_not_found
1726,0202_20231031_120413,,0,0,,,0,0,0,map_not_found
1728,0202_20231031_120413,,0,0,,,0,0,0,map_not_found
1729,0202_20231031_120413,,0,0,,,0,0,0,map_not_found
1733,0203_20231031_120539,,0,0,,,0,0,0,map_not_found
1734,0203_20231031_120539,,0,0,,,0,0,0,map_not_found
1735,0203_20231031_120539,,0,0,,,0,0,0,map_not_found
1736,0203_20231031_120539,,0,0,,,0,0,0,map_not_found
1737,0203_20231031_120539,,0,0,,,0,0,0,map_not_found
1738,0203_20231031_120539,,0,0,,,0,0,0,map_not_found
1739,0203_20231031_120539,,0,0,,,0,0,0,map_not_found
1740,0203_20231031_120539,,0,0,,,0,0,0,map_not_found
1742,0203_20231031_120539,,0,0,,,0,0,0,map_not_found
1743,0203_20231031_120539,,0,0,,,0,0,0,map_not_found
1744,0203_20231031_120539,,0,0,,,0,0,0,map_not_found
1745,0203_20231031_120539,,0,0,,,0,0,0,map_not_found
1746,0203_20231031_120539,,0,0,,,0,0,0,map_not_found
1748,0204_20231031_120836,,0,0,,,0,0,0,map_not_found
1749,0204_20231031_120836,,0,0,,,0,0,0,map_not_found
1750,0204_20231031_120836,,0,0,,,0,0,0,map_not_found
1751,0204_20231031_120836,,0,0,,,0,0,0,map_not_found
1752,0204_20231031_120836,,0,0,,,0,0,0,map_not_found
1753,0204_20231031_120836,,0,0,,,0,0,0,map_not_found
1754,0204_20231031_120836,,0,0,,,0,0,0,map_not_found
1756,0204_20231031_120836,,0,0,,,0,0,0,map_not_found
1757,0204_20231031_120836,,0,0,,,0,0,0,map_not_found
1758,0204_20231031_120836,,0,0,,,0,0,0,map_not_found
1759,0204_20231031_120836,,0,0,,,0,0,0,map_not_found
1760,0204_20231031_120836,,0,0,,,0,0,0,map_not_found
1761,0204_20231031_120836,,0,0,,,0,0,0,map_not_found
1762,0204_20231031_120836,,0,0,,,0,0,0,map_not_found
1763,0204_20231031_120836,,0,0,,,0,0,0,map_not_found
1764,0204_20231031_120836,,0,0,,,0,0,0,map_not_found
1766,0204_20231031_120836,,0,0,,,0,0,0,map_not_found
1769,0205_20231031_121142,,0,0,,,0,0,0,map_not_found
1770,0205_20231031_121142,,0,0,,,0,0,0,map_not_found
1771,0205_20231031_121142,,0,0,,,0,0,0,map_not_found
1772,0205_20231031_121142,,0,0,,,0,0,0,map_not_found
1773,0205_20231031_121142,,0,0,,,0,0,0,map_not_found
1774,0205_20231031_121142,,0,0,,,0,0,0,map_not_found
1775,0205_20231031_121142,,0,0,,,0,0,0,map_not_found
1776,0205_20231031_121142,,0,0,,,0,0,0,map_not_found
1778,0206_20231031_121306,,0,0,,,0,0,0,map_not_found
1779,0206_20231031_121306,,0,0,,,0,0,0,map_not_found
1780,0206_20231031_121306,,0,0,,,0,0,0,map_not_found
1781,0206_20231031_121306,,0,0,,,0,0,0,map_not_found
1783,0206_20231031_121306,,0,0,,,0,0,0,map_not_found
1784,0206_20231031_121306,,0,0,,,0,0,0,map_not_found
1785,0206_20231031_121306,,0,0,,,0,0,0,map_not_found
1786,0206_20231031_121306,,0,0,,,0,0,0,map_not_found
1787,0206_20231031_121306,,0,0,,,0,0,0,map_not_found
1788,0206_20231031_121306,,0,0,,,0,0,0,map_not_found
1789,0206_20231031_121306,,0,0,,,0,0,0,map_not_found
1790,0206_20231031_121306,,0,0,,,0,0,0,map_not_found
1793,0207_20231031_121521,,0,0,,,0,0,0,map_not_found
1794,0207_20231031_121521,,0,0,,,0,0,0,map_not_found
1795,0207_20231031_121521,,0,0,,,0,0,0,map_not_found
1796,0207_20231031_121521,,0,0,,,0,0,0,map_not_found
1798,0207_20231031_121521,,0,0,,,0,0,0,map_not_found
1799,0207_20231031_121521,,0,0,,,0,0,0,map_not_found
1800,0207_20231031_121521,,0,0,,,0,0,0,map_not_found
1801,0208_20231031_121732,,0,0,,,0,0,0,map_not_found
1802,0208_20231031_121732,,0,0,,,0,0,0,map_not_found
1803,0208_20231031_121732,,0,0,,,0,0,0,map_not_found
1804,0208_20231031_121732,,0,0,,,0,0,0,map_not_found
1805,0208_20231031_121732,,0,0,,,0,0,0,map_not_found
1806,0208_20231031_121732,,0,0,,,0,0,0,map_not_found
1807,0208_20231031_121732,,0,0,,,0,0,0,map_not_found
1808,0208_20231031_121732,,0,0,,,0,0,0,map_not_found
1809,0208_20231031_121732,,0,0,,,0,0,0,map_not_found
1810,0208_20231031_121732,,0,0,,,0,0,0,map_not_found
1812,0208_20231031_121732,,0,0,,,0,0,0,map_not_found
1813,0208_20231031_121732,,0,0,,,0,0,0,map_not_found
1814,0208_20231031_121732,,0,0,,,0,0,0,map_not_found
1815,0208_20231031_121732,,0,0,,,0,0,0,map_not_found
1816,0208_20231031_121732,,0,0,,,0,0,0,map_not_found
1817,0208_20231031_121732,,0,0,,,0,0,0,map_not_found
1818,0208_20231031_121732,,0,0,,,0,0,0,map_not_found
1819,0208_20231031_121732,,0,0,,,0,0,0,map_not_found
1824,0209_20231031_122343,,0,0,,,0,0,0,map_not_found
1826,0209_20231031_122343,,0,0,,,0,0,0,map_not_found
1827,0209_20231031_122343,,0,0,,,0,0,0,map_not_found
1828,0209_20231031_122343,,0,0,,,0,0,0,map_not_found
1829,0209_20231031_122343,,0,0,,,0,0,0,map_not_found
1830,0209_20231031_122343,,0,0,,,0,0,0,map_not_found
1831,0209_20231031_122343,,0,0,,,0,0,0,map_not_found
1832,0209_20231031_122343,,0,0,,,0,0,0,map_not_found
1833,0209_20231031_122343,,0,0,,,0,0,0,map_not_found
1834,0209_20231031_122343,,0,0,,,0,0,0,map_not_found
1836,0209_20231031_122343,,0,0,,,0,0,0,map_not_found
1837,0209_20231031_122343,,0,0,,,0,0,0,map_not_found
1838,0209_20231031_122343,,0,0,,,0,0,0,map_not_found
1842,0210_20231031_122646,,0,0,,,0,0,0,map_not_found
1843,0210_20231031_122646,,0,0,,,0,0,0,map_not_found
1844,0210_20231031_122646,,0,0,,,0,0,0,map_not_found
1845,0210_20231031_122646,,0,0,,,0,0,0,map_not_found
1847,0210_20231031_122646,,0,0,,,0,0,0,map_not_found
1848,0210_20231031_122646,,0,0,,,0,0,0,map_not_found
1850,0210_20231031_122646,,0,0,,,0,0,0,map_not_found
1851,0210_20231031_122646,,0,0,,,0,0,0,map_not_found
1852,0210_20231031_122646,,0,0,,,0,0,0,map_not_found
1853,0210_20231031_122646,,0,0,,,0,0,0,map_not_found
1854,0210_20231031_122646,,0,0,,,0,0,0,map_not_found
1855,0210_20231031_122646,,0,0,,,0,0,0,map_not_found
1856,0210_20231031_122646,,0,0,,,0,0,0,map_not_found
1857,0210_20231031_122646,,0,0,,,0,0,0,map_not_found
1858,0210_20231031_122646,,0,0,,,0,0,0,map_not_found
1860,0210_20231031_122646,,0,0,,,0,0,0,map_not_found
1861,0210_20231031_122646,,0,0,,,0,0,0,map_not_found
1862,0210_20231031_122646,,0,0,,,0,0,0,map_not_found
1863,0210_20231031_122646,,0,0,,,0,0,0,map_not_found
1864,0210_20231031_122646,,0,0,,,0,0,0,map_not_found
1867,0211_20231031_122945,,0,0,,,0,0,0,map_not_found
1868,0211_20231031_122945,,0,0,,,0,0,0,map_not_found
1869,0211_20231031_122945,,0,0,,,0,0,0,map_not_found
1870,0211_20231031_122945,,0,0,,,0,0,0,map_not_found
1871,0211_20231031_122945,,0,0,,,0,0,0,map_not_found
1872,0211_20231031_122945,,0,0,,,0,0,0,map_not_found
1873,0211_20231031_122945,,0,0,,,0,0,0,map_not_found
1874,0211_20231031_122945,,0,0,,,0,0,0,map_not_found
1875,0211_20231031_122945,,0,0,,,0,0,0,map_not_found
1876,0211_20231031_122945,,0,0,,,0,0,0,map_not_found
1877,0211_20231031_122945,,0,0,,,0,0,0,map_not_found
1879,0211_20231031_122945,,0,0,,,0,0,0,map_not_found
1880,0211_20231031_122945,,0,0,,,0,0,0,map_not_found
1883,0212_20231031_123108,,0,0,,,0,0,0,map_not_found
1884,0212_20231031_123108,,0,0,,,0,0,0,map_not_found
1885,0212_20231031_123108,,0,0,,,0,0,0,map_not_found
1886,0212_20231031_123108,,0,0,,,0,0,0,map_not_found
1887,0212_20231031_123108,,0,0,,,0,0,0,map_not_found
1889,0212_20231031_123108,,0,0,,,0,0,0,map_not_found
1890,0212_20231031_123108,,0,0,,,0,0,0,map_not_found
1891,0212_20231031_123108,,0,0,,,0,0,0,map_not_found
1892,0212_20231031_123108,,0,0,,,0,0,0,map_not_found
1894,0213_20231031_123353,,0,0,,,0,0,0,map_not_found
1895,0213_20231031_123353,,0,0,,,0,0,0,map_not_found
1896,0213_20231031_123353,,0,0,,,0,0,0,map_not_found
1897,0213_20231031_123353,,0,0,,,0,0,0,map_not_found
1898,0213_20231031_123353,,0,0,,,0,0,0,map_not_found
1900,0213_20231031_123353,,0,0,,,0,0,0,map_not_found
1902,0213_20231031_123353,,0,0,,,0,0,0,map_not_found
1903,0213_20231031_123353,,0,0,,,0,0,0,map_not_found
1904,0213_20231031_123353,,0,0,,,0,0,0,map_not_found
1906,0214_20231031_123539,,0,0,,,0,0,0,map_not_found
1907,0214_20231031_123539,,0,0,,,0,0,0,map_not_found
1908,0214_20231031_123539,,0,0,,,0,0,0,map_not_found
1909,0214_20231031_123539,,0,0,,,0,0,0,map_not_found
1910,0214_20231031_123539,,0,0,,,0,0,0,map_not_found
1911,0214_20231031_123539,,0,0,,,0,0,0,map_not_found
1912,0214_20231031_123539,,0,0,,,0,0,0,map_not_found
1913,0214_20231031_123539,,0,0,,,0,0,0,map_not_found
1914,0214_20231031_123539,,0,0,,,0,0,0,map_not_found
1915,0214_20231031_123539,,0,0,,,0,0,0,map_not_found
1917,0214_20231031_123539,,0,0,,,0,0,0,map_not_found
1918,0214_20231031_123539,,0,0,,,0,0,0,map_not_found
1919,0214_20231031_123539,,0,0,,,0,0,0,map_not_found
1923,0215_20231116_104151,,0,0,,,0,0,0,map_not_found
1924,0215_20231116_104151,,0,0,,,0,0,0,map_not_found
1926,0215_20231116_104151,,0,0,,,0,0,0,map_not_found
1928,0216_20231116_104853,,0,0,,,0,0,0,map_not_found
1930,0216_20231116_104853,,0,0,,,0,0,0,map_not_found
1933,0217_20231116_105019,,0,0,,,0,0,0,map_not_found
1934,0217_20231116_105019,,0,0,,,0,0,0,map_not_found
1935,0217_20231116_105019,,0,0,,,0,0,0,map_not_found
1936,0217_20231116_105019,,0,0,,,0,0,0,map_not_found
1937,0217_20231116_105019,,0,0,,,0,0,0,map_not_found
1938,0218_20231116_105310,,0,0,,,0,0,0,map_not_found
1939,0218_20231116_105310,,0,0,,,0,0,0,map_not_found
1940,0218_20231116_105310,,0,0,,,0,0,0,map_not_found
1941,0218_20231116_105310,,0,0,,,0,0,0,map_not_found
1942,0218_20231116_105310,,0,0,,,0,0,0,map_not_found
1943,0218_20231116_105310,,0,0,,,0,0,0,map_not_found
1946,0218_20231116_105310,,0,0,,,0,0,0,map_not_found
1948,0219_20231116_110049,,0,0,,,0,0,0,map_not_found
1949,0219_20231116_110049,,0,0,,,0,0,0,map_not_found
1950,0219_20231116_110049,,0,0,,,0,0,0,map_not_found
1952,0219_20231116_110049,,0,0,,,0,0,0,map_not_found
1953,0220_20231116_110657,,0,0,,,0,0,0,map_not_found
1954,0220_20231116_110657,,0,0,,,0,0,0,map_not_found
1955,0220_20231116_110657,,0,0,,,0,0,0,map_not_found
1956,0220_20231116_110657,,0,0,,,0,0,0,map_not_found
1957,0220_20231116_110657,,0,0,,,0,0,0,map_not_found
1958,0220_20231116_110657,,0,0,,,0,0,0,map_not_found
1959,0221_20231116_110901,,0,0,,,0,0,0,map_not_found
1960,0221_20231116_110901,,0,0,,,0,0,0,map_not_found
1961,0221_20231116_110901,,0,0,,,0,0,0,map_not_found
1963,0221_20231116_110901,,0,0,,,0,0,0,map_not_found
1964,0221_20231116_110901,,0,0,,,0,0,0,map_not_found
1965,0221_20231116_110901,,0,0,,,0,0,0,map_not_found
1966,0221_20231116_110901,,0,0,,,0,0,0,map_not_found
1967,0221_20231116_110901,,0,0,,,0,0,0,map_not_found
1968,0221_20231116_110901,,0,0,,,0,0,0,map_not_found
1969,0221_20231116_110901,,0,0,,,0,0,0,map_not_found
1970,0221_20231116_110901,,0,0,,,0,0,0,map_not_found
1975,0222_20231116_111131,,0,0,,,0,0,0,map_not_found
1976,0222_20231116_111131,,0,0,,,0,0,0,map_not_found
1977,0222_20231116_111131,,0,0,,,0,0,0,map_not_found
1978,0222_20231116_111131,,0,0,,,0,0,0,map_not_found
1979,0222_20231116_111131,,0,0,,,0,0,0,map_not_found
1980,0222_20231116_111131,,0,0,,,0,0,0,map_not_found
1981,0222_20231116_111131,,0,0,,,0,0,0,map_not_found
1982,0222_20231116_111131,,0,0,,,0,0,0,map_not_found
1983,0222_20231116_111131,,0,0,,,0,0,0,map_not_found
1984,0223_20231116_111250,,0,0,,,0,0,0,map_not_found
1985,0223_20231116_111250,,0,0,,,0,0,0,map_not_found
1986,0223_20231116_111250,,0,0,,,0,0,0,map_not_found
1987,0223_20231116_111250,,0,0,,,0,0,0,map_not_found
1988,0223_20231116_111250,,0,0,,,0,0,0,map_not_found
1989,0223_20231116_111250,,0,0,,,0,0,0,map_not_found
1992,0224_20231116_113136,,0,0,,,0,0,0,map_not_found
1993,0224_20231116_113136,,0,0,,,0,0,0,map_not_found
1994,0224_20231116_113136,,0,0,,,0,0,0,map_not_found
1996,0224_20231116_113136,,0,0,,,0,0,0,map_not_found
1999,0225_20231116_113337,,0,0,,,0,0,0,map_not_found
2000,0225_20231116_113337,,0,0,,,0,0,0,map_not_found
2001,0225_20231116_113337,,0,0,,,0,0,0,map_not_found
2002,0225_20231116_113337,,0,0,,,0,0,0,map_not_found
2003,0225_20231116_113337,,0,0,,,0,0,0,map_not_found
2004,0225_20231116_113337,,0,0,,,0,0,0,map_not_found
2006,0225_20231116_113337,,0,0,,,0,0,0,map_not_found
2007,0225_20231116_113337,,0,0,,,0,0,0,map_not_found
2009,0226_20231116_113644,,0,0,,,0,0,0,map_not_found
2010,0226_20231116_113644,,0,0,,,0,0,0,map_not_found
2011,0226_20231116_113644,,0,0,,,0,0,0,map_not_found
2012,0226_20231116_113644,,0,0,,,0,0,0,map_not_found
2013,0226_20231116_113644,,0,0,,,0,0,0,map_not_found
2014,0226_20231116_113644,,0,0,,,0,0,0,map_not_found
2015,0226_20231116_113644,,0,0,,,0,0,0,map_not_found
2016,0226_20231116_113644,,0,0,,,0,0,0,map_not_found
2019,0226_20231116_113644,,0,0,,,0,0,0,map_not_found
2020,0226_20231116_113644,,0,0,,,0,0,0,map_not_found
2021,0226_20231116_113644,,0,0,,,0,0,0,map_not_found
2022,0227_20231116_114809,,0,0,,,0,0,0,map_not_found
2023,0227_20231116_114809,,0,0,,,0,0,0,map_not_found
2024,0227_20231116_114809,,0,0,,,0,0,0,map_not_found
2025,0227_20231116_114809,,0,0,,,0,0,0,map_not_found
2026,0227_20231116_114809,,0,0,,,0,0,0,map_not_found
2027,0227_20231116_114809,,0,0,,,0,0,0,map_not_found
2029,0228_20231116_115205,,0,0,,,0,0,0,map_not_found
2030,0228_20231116_115205,,0,0,,,0,0,0,map_not_found
2031,0228_20231116_115205,,0,0,,,0,0,0,map_not_found
2032,0228_20231116_115205,,0,0,,,0,0,0,map_not_found
2033,0228_20231116_115205,,0,0,,,0,0,0,map_not_found
2034,0228_20231116_115205,,0,0,,,0,0,0,map_not_found
2035,0228_20231116_115205,,0,0,,,0,0,0,map_not_found
2037,0228_20231116_115205,,0,0,,,0,0,0,map_not_found
2038,0228_20231116_115205,,0,0,,,0,0,0,map_not_found
2039,0228_20231116_115205,,0,0,,,0,0,0,map_not_found
2040,0228_20231116_115205,,0,0,,,0,0,0,map_not_found
2044,0229_20231116_115512,,0,0,,,0,0,0,map_not_found
2045,0229_20231116_115512,,0,0,,,0,0,0,map_not_found
2047,0229_20231116_115512,,0,0,,,0,0,0,map_not_found
2049,0229_20231116_115512,,0,0,,,0,0,0,map_not_found
2050,0229_20231116_115512,,0,0,,,0,0,0,map_not_found
2051,0229_20231116_115512,,0,0,,,0,0,0,map_not_found
2052,0229_20231116_115512,,0,0,,,0,0,0,map_not_found
2053,0229_20231116_115512,,0,0,,,0,0,0,map_not_found
2054,0229_20231116_115512,,0,0,,,0,0,0,map_not_found
2056,0229_20231116_115512,,0,0,,,0,0,0,map_not_found
2058,0230_20231116_115638,,0,0,,,0,0,0,map_not_found
2060,0230_20231116_115638,,0,0,,,0,0,0,map_not_found
2061,0230_20231116_115638,,0,0,,,0,0,0,map_not_found
2062,0230_20231116_115638,,0,0,,,0,0,0,map_not_found
2065,0231_20231116_120127,,0,0,,,0,0,0,map_not_found
2066,0231_20231116_120127,,0,0,,,0,0,0,map_not_found
2067,0231_20231116_120127,,0,0,,,0,0,0,map_not_found
2068,0231_20231116_120127,,0,0,,,0,0,0,map_not_found
2069,0231_20231116_120127,,0,0,,,0,0,0,map_not_found
2070,0231_20231116_120127,,0,0,,,0,0,0,map_not_found
2071,0231_20231116_120127,,0,0,,,0,0,0,map_not_found
2075,0232_20231116_120313,,0,0,,,0,0,0,map_not_found
2076,0232_20231116_120313,,0,0,,,0,0,0,map_not_found
2077,0232_20231116_120313,,0,0,,,0,0,0,map_not_found
2078,0232_20231116_120313,,0,0,,,0,0,0,map_not_found
2079,0232_20231116_120313,,0,0,,,0,0,0,map_not_found
2080,0232_20231116_120313,,0,0,,,0,0,0,map_not_found
2081,0232_20231116_120313,,0,0,,,0,0,0,map_not_found
2082,0232_20231116_120313,,0,0,,,0,0,0,map_not_found
2083,0232_20231116_120313,,0,0,,,0,0,0,map_not_found
2085,0232_20231116_120313,,0,0,,,0,0,0,map_not_found
2086,0233_20231116_121102,,0,0,,,0,0,0,map_not_found
2088,0233_20231116_121102,,0,0,,,0,0,0,map_not_found
2089,0233_20231116_121102,,0,0,,,0,0,0,map_not_found
2090,0233_20231116_121102,,0,0,,,0,0,0,map_not_found
2092,0233_20231116_121102,,0,0,,,0,0,0,map_not_found
2093,0233_20231116_121102,,0,0,,,0,0,0,map_not_found
2094,0233_20231116_121102,,0,0,,,0,0,0,map_not_found
2095,0233_20231116_121102,,0,0,,,0,0,0,map_not_found
2096,0233_20231116_121102,,0,0,,,0,0,0,map_not_found
2097,0233_20231116_121102,,0,0,,,0,0,0,map_not_found
2098,0233_20231116_121102,,0,0,,,0,0,0,map_not_found
2099,0233_20231116_121102,,0,0,,,0,0,0,map_not_found
2101,0234_20231116_121314,,0,0,,,0,0,0,map_not_found
2102,0234_20231116_121314,,0,0,,,0,0,0,map_not_found
2103,0234_20231116_121314,,0,0,,,0,0,0,map_not_found
2104,0235_20231116_121349,,0,0,,,0,0,0,map_not_found
2105,0235_20231116_121349,,0,0,,,0,0,0,map_not_found
2106,0235_20231116_121349,,0,0,,,0,0,0,map_not_found
2107,0235_20231116_121349,,0,0,,,0,0,0,map_not_found
2108,0235_20231116_121349,,0,0,,,0,0,0,map_not_found
2109,0235_20231116_121349,,0,0,,,0,0,0,map_not_found
2110,0235_20231116_121349,,0,0,,,0,0,0,map_not_found
2111,0235_20231116_121349,,0,0,,,0,0,0,map_not_found
2112,0235_20231116_121349,,0,0,,,0,0,0,map_not_found
2114,0235_20231116_121349,,0,0,,,0,0,0,map_not_found
2115,0236_20231122_100832,,0,0,,,0,0,0,map_not_found
2117,0236_20231122_100832,,0,0,,,0,0,0,map_not_found
2118,0237_20231122_101604,,0,0,,,0,0,0,map_not_found
2119,0237_20231122_101604,,0,0,,,0,0,0,map_not_found
2120,0237_20231122_101604,,0,0,,,0,0,0,map_not_found
2123,0237_20231122_101604,,0,0,,,0,0,0,map_not_found
2124,0237_20231122_101604,,0,0,,,0,0,0,map_not_found
2126,0238_20231122_101723,,0,0,,,0,0,0,map_not_found
2127,0238_20231122_101723,,0,0,,,0,0,0,map_not_found
2128,0238_20231122_101723,,0,0,,,0,0,0,map_not_found
2129,0238_20231122_101723,,0,0,,,0,0,0,map_not_found
2130,0238_20231122_101723,,0,0,,,0,0,0,map_not_found
2131,0238_20231122_101723,,0,0,,,0,0,0,map_not_found
2132,0238_20231122_101723,,0,0,,,0,0,0,map_not_found
2133,0239_20231122_102026,,0,0,,,0,0,0,map_not_found
2134,0239_20231122_102026,,0,0,,,0,0,0,map_not_found
2135,0239_20231122_102026,,0,0,,,0,0,0,map_not_found
2136,0239_20231122_102026,,0,0,,,0,0,0,map_not_found
2137,0239_20231122_102026,,0,0,,,0,0,0,map_not_found
2138,0239_20231122_102026,,0,0,,,0,0,0,map_not_found
2139,0239_20231122_102026,,0,0,,,0,0,0,map_not_found
2140,0239_20231122_102026,,0,0,,,0,0,0,map_not_found
2141,0239_20231122_102026,,0,0,,,0,0,0,map_not_found
2142,0239_20231122_102026,,0,0,,,0,0,0,map_not_found
2143,0239_20231122_102026,,0,0,,,0,0,0,map_not_found
2144,0239_20231122_102026,,0,0,,,0,0,0,map_not_found
2145,0240_20231122_102334,,0,0,,,0,0,0,map_not_found
2146,0240_20231122_102334,,0,0,,,0,0,0,map_not_found
2147,0240_20231122_102334,,0,0,,,0,0,0,map_not_found
2148,0240_20231122_102334,,0,0,,,0,0,0,map_not_found
2149,0240_20231122_102334,,0,0,,,0,0,0,map_not_found
2150,0240_20231122_102334,,0,0,,,0,0,0,map_not_found
2152,0240_20231122_102334,,0,0,,,0,0,0,map_not_found
2153,0240_20231122_102334,,0,0,,,0,0,0,map_not_found
2155,0241_20231122_103034,,0,0,,,0,0,0,map_not_found
2156,0241_20231122_103034,,0,0,,,0,0,0,map_not_found
2157,0241_20231122_103034,,0,0,,,0,0,0,map_not_found
2158,0241_20231122_103034,,0,0,,,0,0,0,map_not_found
2159,0241_20231122_103034,,0,0,,,0,0,0,map_not_found
2160,0241_20231122_103034,,0,0,,,0,0,0,map_not_found
2161,0241_20231122_103034,,0,0,,,0,0,0,map_not_found
2162,0241_20231122_103034,,0,0,,,0,0,0,map_not_found
2163,0241_20231122_103034,,0,0,,,0,0,0,map_not_found
2164,0241_20231122_103034,,0,0,,,0,0,0,map_not_found
2165,0241_20231122_103034,,0,0,,,0,0,0,map_not_found
2167,0242_20231122_103445,,0,0,,,0,0,0,map_not_found
2168,0242_20231122_103445,,0,0,,,0,0,0,map_not_found
2169,0242_20231122_103445,,0,0,,,0,0,0,map_not_found
2170,0242_20231122_103445,,0,0,,,0,0,0,map_not_found
2173,0243_20231122_110054,,0,0,,,0,0,0,map_not_found
2176,0244_20231122_110225,,0,0,,,0,0,0,map_not_found
2178,0244_20231122_110225,,0,0,,,0,0,0,map_not_found
2180,0245_20231122_110357,,0,0,,,0,0,0,map_not_found
2181,0245_20231122_110357,,0,0,,,0,0,0,map_not_found
2182,0245_20231122_110357,,0,0,,,0,0,0,map_not_found
2183,0245_20231122_110357,,0,0,,,0,0,0,map_not_found
2184,0245_20231122_110357,,0,0,,,0,0,0,map_not_found
2185,0245_20231122_110357,,0,0,,,0,0,0,map_not_found
2188,0246_20231122_110701,,0,0,,,0,0,0,map_not_found
2190,0247_20231122_110923,,0,0,,,0,0,0,map_not_found
2191,0247_20231122_110923,,0,0,,,0,0,0,map_not_found
2192,0248_20231122_110958,,0,0,,,0,0,0,map_not_found
2193,0248_20231122_110958,,0,0,,,0,0,0,map_not_found
2194,0248_20231122_110958,,0,0,,,0,0,0,map_not_found
2195,0248_20231122_110958,,0,0,,,0,0,0,map_not_found
2196,0248_20231122_110958,,0,0,,,0,0,0,map_not_found
2197,0248_20231122_110958,,0,0,,,0,0,0,map_not_found
2198,0248_20231122_110958,,0,0,,,0,0,0,map_not_found
2199,0248_20231122_110958,,0,0,,,0,0,0,map_not_found
2200,0248_20231122_110958,,0,0,,,0,0,0,map_not_found
2201,0248_20231122_110958,,0,0,,,0,0,0,map_not_found
2202,0248_20231122_110958,,0,0,,,0,0,0,map_not_found
2203,0248_20231122_110958,,0,0,,,0,0,0,map_not_found
2204,0248_20231122_110958,,0,0,,,0,0,0,map_not_found
2205,0248_20231122_110958,,0,0,,,0,0,0,map_not_found
2206,0248_20231122_110958,,0,0,,,0,0,0,map_not_found
2207,0248_20231122_110958,,0,0,,,0,0,0,map_not_found
2208,0248_20231122_110958,,0,0,,,0,0,0,map_not_found
2209,0248_20231122_110958,,0,0,,,0,0,0,map_not_found
2210,0249_20231122_111130,,0,0,,,0,0,0,map_not_found
2211,0249_20231122_111130,,0,0,,,0,0,0,map_not_found
2212,0249_20231122_111130,,0,0,,,0,0,0,map_not_found
2213,0249_20231122_111130,,0,0,,,0,0,0,map_not_found
2214,0249_20231122_111130,,0,0,,,0,0,0,map_not_found
2215,0249_20231122_111130,,0,0,,,0,0,0,map_not_found
2216,0250_20231122_111304,,0,0,,,0,0,0,map_not_found
2217,0250_20231122_111304,,0,0,,,0,0,0,map_not_found
2218,0250_20231122_111304,,0,0,,,0,0,0,map_not_found
2219,0250_20231122_111304,,0,0,,,0,0,0,map_not_found
2221,0251_20231122_111930,,0,0,,,0,0,0,map_not_found
2222,0251_20231122_111930,,0,0,,,0,0,0,map_not_found
2223,0251_20231122_111930,,0,0,,,0,0,0,map_not_found
2224,0251_20231122_111930,,0,0,,,0,0,0,map_not_found
2225,0251_20231122_111930,,0,0,,,0,0,0,map_not_found
2226,0252_20231122_112154,,0,0,,,0,0,0,map_not_found
2227,0252_20231122_112154,,0,0,,,0,0,0,map_not_found
2228,0252_20231122_112154,,0,0,,,0,0,0,map_not_found
2230,0253_20231122_112449,,0,0,,,0,0,0,map_not_found
2231,0253_20231122_112449,,0,0,,,0,0,0,map_not_found
2236,0254_20231122_113201,,0,0,,,0,0,0,map_not_found
2237,0254_20231122_113201,,0,0,,,0,0,0,map_not_found
2238,0254_20231122_113201,,0,0,,,0,0,0,map_not_found
2239,0254_20231122_113201,,0,0,,,0,0,0,map_not_found
2240,0254_20231122_113201,,0,0,,,0,0,0,map_not_found
2241,0254_20231122_113201,,0,0,,,0,0,0,map_not_found
2242,0254_20231122_113201,,0,0,,,0,0,0,map_not_found
2243,0254_20231122_113201,,0,0,,,0,0,0,map_not_found
2244,0254_20231122_113201,,0,0,,,0,0,0,map_not_found
2245,0254_20231122_113201,,0,0,,,0,0,0,map_not_found
2247,0254_20231122_113201,,0,0,,,0,0,0,map_not_found
2248,0254_20231122_113201,,0,0,,,0,0,0,map_not_found
2249,0254_20231122_113201,,0,0,,,0,0,0,map_not_found
2250,0254_20231122_113201,,0,0,,,0,0,0,map_not_found
2251,0254_20231122_113201,,0,0,,,0,0,0,map_not_found
2254,0255_20231122_113702,,0,0,,,0,0,0,map_not_found
2255,0255_20231122_113702,,0,0,,,0,0,0,map_not_found
2256,0255_20231122_113702,,0,0,,,0,0,0,map_not_found
2258,0256_20231122_113938,,0,0,,,0,0,0,map_not_found
2259,0256_20231122_113938,,0,0,,,0,0,0,map_not_found
2260,0256_20231122_113938,,0,0,,,0,0,0,map_not_found
2262,0257_20231122_114328,,0,0,,,0,0,0,map_not_found
2263,0257_20231122_114328,,0,0,,,0,0,0,map_not_found
2264,0257_20231122_114328,,0,0,,,0,0,0,map_not_found
2265,0257_20231122_114328,,0,0,,,0,0,0,map_not_found
2266,0257_20231122_114328,,0,0,,,0,0,0,map_not_found
2267,0257_20231122_114328,,0,0,,,0,0,0,map_not_found
2268,0257_20231122_114328,,0,0,,,0,0,0,map_not_found
2269,0257_20231122_114328,,0,0,,,0,0,0,map_not_found
2270,0257_20231122_114328,,0,0,,,0,0,0,map_not_found
2271,0257_20231122_114328,,0,0,,,0,0,0,map_not_found
2273,0258_20231122_115021,,0,0,,,0,0,0,map_not_found
2274,0258_20231122_115021,,0,0,,,0,0,0,map_not_found
2276,0259_20231122_115206,,0,0,,,0,0,0,map_not_found
2277,0259_20231122_115206,,0,0,,,0,0,0,map_not_found
2278,0259_20231122_115206,,0,0,,,0,0,0,map_not_found
2279,0259_20231122_115206,,0,0,,,0,0,0,map_not_found
2280,0259_20231122_115206,,0,0,,,0,0,0,map_not_found
2283,0260_20231122_115433,,0,0,,,0,0,0,map_not_found
2284,0260_20231122_115433,,0,0,,,0,0,0,map_not_found
2285,0260_20231122_115433,,0,0,,,0,0,0,map_not_found
2286,0260_20231122_115433,,0,0,,,0,0,0,map_not_found
2287,0260_20231122_115433,,0,0,,,0,0,0,map_not_found
2288,0260_20231122_115433,,0,0,,,0,0,0,map_not_found
2289,0261_20231122_115648,,0,0,,,0,0,0,map_not_found
2290,0261_20231122_115648,,0,0,,,0,0,0,map_not_found
2291,0261_20231122_115648,,0,0,,,0,0,0,map_not_found
2292,0261_20231122_115648,,0,0,,,0,0,0,map_not_found
2293,0261_20231122_115648,,0,0,,,0,0,0,map_not_found
2294,0261_20231122_115648,,0,0,,,0,0,0,map_not_found
2295,0261_20231122_115648,,0,0,,,0,0,0,map_not_found
2297,0261_20231122_115648,,0,0,,,0,0,0,map_not_found
2298,0261_20231122_115648,,0,0,,,0,0,0,map_not_found
2299,0262_20231122_120009,,0,0,,,0,0,0,map_not_found
2300,0262_20231122_120009,,0,0,,,0,0,0,map_not_found
2301,0262_20231122_120009,,0,0,,,0,0,0,map_not_found
2302,0262_20231122_120009,,0,0,,,0,0,0,map_not_found
2303,0262_20231122_120009,,0,0,,,0,0,0,map_not_found
2304,0262_20231122_120009,,0,0,,,0,0,0,map_not_found
2305,0262_20231122_120009,,0,0,,,0,0,0,map_not_found
2306,0262_20231122_120009,,0,0,,,0,0,0,map_not_found
2307,0262_20231122_120009,,0,0,,,0,0,0,map_not_found
2308,0262_20231122_120009,,0,0,,,0,0,0,map_not_found
2309,0262_20231122_120009,,0,0,,,0,0,0,map_not_found
2310,0263_20231122_120215,,0,0,,,0,0,0,map_not_found
2311,0263_20231122_120215,,0,0,,,0,0,0,map_not_found
2312,0263_20231122_120215,,0,0,,,0,0,0,map_not_found
2313,0263_20231122_120215,,0,0,,,0,0,0,map_not_found
2314,0263_20231122_120215,,0,0,,,0,0,0,map_not_found
2315,0263_20231122_120215,,0,0,,,0,0,0,map_not_found
2317,0264_20231122_120401,,0,0,,,0,0,0,map_not_found
2318,0264_20231122_120401,,0,0,,,0,0,0,map_not_found
2319,0264_20231122_120401,,0,0,,,0,0,0,map_not_found
2320,0264_20231122_120401,,0,0,,,0,0,0,map_not_found
2321,0264_20231122_120401,,0,0,,,0,0,0,map_not_found
2322,0264_20231122_120401,,0,0,,,0,0,0,map_not_found
2323,0264_20231122_120401,,0,0,,,0,0,0,map_not_found
2324,0264_20231122_120401,,0,0,,,0,0,0,map_not_found
2325,0264_20231122_120401,,0,0,,,0,0,0,map_not_found
2326,0264_20231122_120401,,0,0,,,0,0,0,map_not_found
2327,0264_20231122_120401,,0,0,,,0,0,0,map_not_found
2329,0264_20231122_120401,,0,0,,,0,0,0,map_not_found
2330,0264_20231122_120401,,0,0,,,0,0,0,map_not_found
2331,0264_20231122_120401,,0,0,,,0,0,0,map_not_found
2332,0264_20231122_120401,,0,0,,,0,0,0,map_not_found
2333,0264_20231122_120401,,0,0,,,0,0,0,map_not_found
2334,0264_20231122_120401,,0,0,,,0,0,0,map_not_found
2335,0264_20231122_120401,,0,0,,,0,0,0,map_not_found
2336,0264_20231122_120401,,0,0,,,0,0,0,map_not_found
2337,0264_20231122_120401,,0,0,,,0,0,0,map_not_found
2338,0264_20231122_120401,,0,0,,,0,0,0,map_not_found
2339,0264_20231122_120401,,0,0,,,0,0,0,map_not_found
2341,0264_20231122_120401,,0,0,,,0,0,0,map_not_found
2342,0264_20231122_120401,,0,0,,,0,0,0,map_not_found
2343,0264_20231122_120401,,0,0,,,0,0,0,map_not_found
2344,0264_20231122_120401,,0,0,,,0,0,0,map_not_found
2347,0265_20231122_120837,,0,0,,,0,0,0,map_not_found
2348,0265_20231122_120837,,0,0,,,0,0,0,map_not_found
2350,0265_20231122_120837,,0,0,,,0,0,0,map_not_found
2352,0265_20231122_120837,,0,0,,,0,0,0,map_not_found
2353,0265_20231122_120837,,0,0,,,0,0,0,map_not_found
2354,0265_20231122_120837,,0,0,,,0,0,0,map_not_found
2355,0265_20231122_120837,,0,0,,,0,0,0,map_not_found
2357,0265_20231122_120837,,0,0,,,0,0,0,map_not_found
2358,0265_20231122_120837,,0,0,,,0,0,0,map_not_found
2359,0265_20231122_120837,,0,0,,,0,0,0,map_not_found
2360,0266_20231122_121138,,0,0,,,0,0,0,map_not_found
2361,0266_20231122_121138,,0,0,,,0,0,0,map_not_found
2362,0266_20231122_121138,,0,0,,,0,0,0,map_not_found
2363,0266_20231122_121138,,0,0,,,0,0,0,map_not_found
2364,0266_20231122_121138,,0,0,,,0,0,0,map_not_found
2365,0266_20231122_121138,,0,0,,,0,0,0,map_not_found
2366,0266_20231122_121138,,0,0,,,0,0,0,map_not_found
2367,0266_20231122_121138,,0,0,,,0,0,0,map_not_found
2368,0266_20231122_121138,,0,0,,,0,0,0,map_not_found
2369,0266_20231122_121138,,0,0,,,0,0,0,map_not_found
2370,0266_20231122_121138,,0,0,,,0,0,0,map_not_found
2371,0266_20231122_121138,,0,0,,,0,0,0,map_not_found
2372,0266_20231122_121138,,0,0,,,0,0,0,map_not_found
2373,0266_20231122_121138,,0,0,,,0,0,0,map_not_found
2374,0266_20231122_121138,,0,0,,,0,0,0,map_not_found
2375,0266_20231122_121138,,0,0,,,0,0,0,map_not_found
2376,0266_20231122_121138,,0,0,,,0,0,0,map_not_found
2379,0266_20231122_121138,,0,0,,,0,0,0,map_not_found
2380,0266_20231122_121138,,0,0,,,0,0,0,map_not_found
2381,0266_20231122_121138,,0,0,,,0,0,0,map_not_found
2382,0266_20231122_121138,,0,0,,,0,0,0,map_not_found
2383,0266_20231122_121138,,0,0,,,0,0,0,map_not_found
2384,0267_20231122_121444,,0,0,,,0,0,0,map_not_found
2385,0267_20231122_121444,,0,0,,,0,0,0,map_not_found
2386,0267_20231122_121444,,0,0,,,0,0,0,map_not_found
2387,0267_20231122_121444,,0,0,,,0,0,0,map_not_found
2388,0267_20231122_121444,,0,0,,,0,0,0,map_not_found
2389,0267_20231122_121444,,0,0,,,0,0,0,map_not_found
2390,0267_20231122_121444,,0,0,,,0,0,0,map_not_found
2391,0267_20231122_121444,,0,0,,,0,0,0,map_not_found
2392,0267_20231122_121444,,0,0,,,0,0,0,map_not_found
2393,0267_20231122_121444,,0,0,,,0,0,0,map_not_found
2394,0267_20231122_121444,,0,0,,,0,0,0,map_not_found
2395,0267_20231122_121444,,0,0,,,0,0,0,map_not_found
2396,0267_20231122_121444,,0,0,,,0,0,0,map_not_found
2397,0267_20231122_121444,,0,0,,,0,0,0,map_not_found
2400,0268_20231122_121905,,0,0,,,0,0,0,map_not_found
2401,0268_20231122_121905,,0,0,,,0,0,0,map_not_found
2403,0268_20231122_121905,,0,0,,,0,0,0,map_not_found
2404,0268_20231122_121905,,0,0,,,0,0,0,map_not_found
2405,0268_20231122_121905,,0,0,,,0,0,0,map_not_found
2406,0268_20231122_121905,,0,0,,,0,0,0,map_not_found
2407,0268_20231122_121905,,0,0,,,0,0,0,map_not_found
2408,0268_20231122_121905,,0,0,,,0,0,0,map_not_found
2409,0268_20231122_121905,,0,0,,,0,0,0,map_not_found
2410,0268_20231122_121905,,0,0,,,0,0,0,map_not_found
2411,0268_20231122_121905,,0,0,,,0,0,0,map_not_found
2412,0268_20231122_121905,,0,0,,,0,0,0,map_not_found
2413,0268_20231122_121905,,0,0,,,0,0,0,map_not_found
2417,0269_20231122_122447,,0,0,,,0,0,0,map_not_found
2418,0269_20231122_122447,,0,0,,,0,0,0,map_not_found
2419,0269_20231122_122447,,0,0,,,0,0,0,map_not_found
2420,0269_20231122_122447,,0,0,,,0,0,0,map_not_found
2421,0269_20231122_122447,,0,0,,,0,0,0,map_not_found
2422,0269_20231122_122447,,0,0,,,0,0,0,map_not_found
2423,0269_20231122_122447,,0,0,,,0,0,0,map_not_found
2424,0269_20231122_122447,,0,0,,,0,0,0,map_not_found
2425,0269_20231122_122447,,0,0,,,0,0,0,map_not_found
2426,0269_20231122_122447,,0,0,,,0,0,0,map_not_found
2428,0269_20231122_122447,,0,0,,,0,0,0,map_not_found
2429,0269_20231122_122447,,0,0,,,0,0,0,map_not_found
2430,0269_20231122_122447,,0,0,,,0,0,0,map_not_found
2431,0269_20231122_122447,,0,0,,,0,0,0,map_not_found
2432,0269_20231122_122447,,0,0,,,0,0,0,map_not_found
2433,0269_20231122_122447,,0,0,,,0,0,0,map_not_found
2434,0269_20231122_122447,,0,0,,,0,0,0,map_not_found
2435,0269_20231122_122447,,0,0,,,0,0,0,map_not_found
2436,0269_20231122_122447,,0,0,,,0,0,0,map_not_found
2437,0269_20231122_122447,,0,0,,,0,0,0,map_not_found
2438,0269_20231122_122447,,0,0,,,0,0,0,map_not_found
2439,0269_20231122_122447,,0,0,,,0,0,0,map_not_found
2440,0269_20231122_122447,,0,0,,,0,0,0,map_not_found
2441,0269_20231122_122447,,0,0,,,0,0,0,map_not_found
2443,0269_20231122_122447,,0,0,,,0,0,0,map_not_found
2444,0269_20231122_122447,,0,0,,,0,0,0,map_not_found
2445,0269_20231122_122447,,0,0,,,0,0,0,map_not_found
2446,0269_20231122_122447,,0,0,,,0,0,0,map_not_found
2447,0269_20231122_122447,,0,0,,,0,0,0,map_not_found
2448,0269_20231122_122447,,0,0,,,0,0,0,map_not_found
