sample_id,scene_path,archive,moment_mode,timestamp,target_type,target_id,target_class_name,target_x,target_y,target_z,target_velocity,other_type,other_id,other_class_name,other_x,other_y,other_z,other_velocity,distance,other_member_path
0000,0000_20230322_081506,imptc_set_01.tar.gz,middle,1679472951040035,vrus,000,person,-1.901631279433268,2.0528477156764997,1.7845384020407358,1.291396273700507,vehicles,1056,car,-6.488545640776316,18.40134588422853,0.7189648662203179,0.012041884917705917,16.979787,0000_20230322_081506/vehicles/1056/track.json
0000,0000_20230322_081506,imptc_set_01.tar.gz,middle,1679472951040035,vrus,000,person,-1.901631279433268,2.0528477156764997,1.7845384020407358,1.291396273700507,vrus,001,scooter,10.453678932942168,16.564558628144887,1.7852720911565325,0.04812128553137186,19.058947,0000_20230322_081506/vrus/001/track.json
0000,0000_20230322_081506,imptc_set_01.tar.gz,middle,1679472951040035,vrus,000,person,-1.901631279433268,2.0528477156764997,1.7845384020407358,1.291396273700507,vehicles,1055,car,-9.984081757507807,21.398166822345758,0.37369699399262507,0.13129312470765767,20.965862,0000_20230322_081506/vehicles/1055/track.json
0000,0000_20230322_081506,imptc_set_01.tar.gz,middle,1679472951040035,vrus,000,person,-1.901631279433268,2.0528477156764997,1.7845384020407358,1.291396273700507,vehicles,1057,car,33.7133620568414,5.038482675300492,0.6094375285659276,0.19531950577256954,35.739918,0000_20230322_081506/vehicles/1057/track.json
0001,0000_20230322_081506,imptc_set_01.tar.gz,middle,1679472925960035,vrus,002,person,10.348255154855023,15.950742274608874,1.7037273427685382,4.5468716066243795,vrus,001,scooter,10.425734956717038,16.87678376019517,1.8134626782720933,0.5776959837290566,0.929277,0000_20230322_081506/vrus/001/track.json
0001,0000_20230322_081506,imptc_set_01.tar.gz,middle,1679472925960035,vrus,002,person,10.348255154855023,15.950742274608874,1.7037273427685382,4.5468716066243795,vehicles,1012,car,6.879640660289119,11.14193708274943,0.7795723089875328,24.645728196970282,5.929241,0000_20230322_081506/vehicles/1012/track.json
0001,0000_20230322_081506,imptc_set_01.tar.gz,middle,1679472925960035,vrus,002,person,10.348255154855023,15.950742274608874,1.7037273427685382,4.5468716066243795,vehicles,1010,car,2.9851428244957225,18.16544918732892,0.7877833594847774,24.323873358294474,7.688976,0000_20230322_081506/vehicles/1010/track.json
0001,0000_20230322_081506,imptc_set_01.tar.gz,middle,1679472925960035,vrus,002,person,10.348255154855023,15.950742274608874,1.7037273427685382,4.5468716066243795,vehicles,1015,car,19.102023331701943,4.8377478922340105,0.7082224160662449,21.61758049719719,14.146629,0000_20230322_081506/vehicles/1015/track.json
0001,0000_20230322_081506,imptc_set_01.tar.gz,middle,1679472925960035,vrus,002,person,10.348255154855023,15.950742274608874,1.7037273427685382,4.5468716066243795,vehicles,1053,car,-3.29651927788585,11.580611344204687,1.560603514017791,4.46815311008903,14.327523,0000_20230322_081506/vehicles/1053/track.json
0001,0000_20230322_081506,imptc_set_01.tar.gz,middle,1679472925960035,vrus,002,person,10.348255154855023,15.950742274608874,1.7037273427685382,4.5468716066243795,vehicles,1020,car,-4.956604730610718,21.271941620492868,1.1335735190029004,25.428587568427773,16.203515,0000_20230322_081506/vehicles/1020/track.json
0001,0000_20230322_081506,imptc_set_01.tar.gz,middle,1679472925960035,vrus,002,person,10.348255154855023,15.950742274608874,1.7037273427685382,4.5468716066243795,vehicles,1006,car,7.300246870075425,-1.0265627966388358,0.8180205083067313,25.703972073499138,17.248746,0000_20230322_081506/vehicles/1006/track.json
0001,0000_20230322_081506,imptc_set_01.tar.gz,middle,1679472925960035,vrus,002,person,10.348255154855023,15.950742274608874,1.7037273427685382,4.5468716066243795,vehicles,1056,car,-6.7361404548715695,18.60190925803476,0.7182339040807674,2.0184562735870997,17.288877,0000_20230322_081506/vehicles/1056/track.json
0001,0000_20230322_081506,imptc_set_01.tar.gz,middle,1679472925960035,vrus,002,person,10.348255154855023,15.950742274608874,1.7037273427685382,4.5468716066243795,vrus,000,person,-2.250529647518461,2.059811902732444,1.7948885134111014,0.1327438802564592,18.753328,0000_20230322_081506/vrus/000/track.json
0001,0000_20230322_081506,imptc_set_01.tar.gz,middle,1679472925960035,vrus,002,person,10.348255154855023,15.950742274608874,1.7037273427685382,4.5468716066243795,vrus,003,person,-2.679001446121558,1.062365147957754,1.8077864805941606,5.206434990133442,19.783154,0000_20230322_081506/vrus/003/track.json
0001,0000_20230322_081506,imptc_set_01.tar.gz,middle,1679472925960035,vrus,002,person,10.348255154855023,15.950742274608874,1.7037273427685382,4.5468716066243795,vehicles,1054,car,-9.491559330954905,17.07246791677332,0.8643032404580759,3.9596207848666065,19.8715,0000_20230322_081506/vehicles/1054/track.json
0001,0000_20230322_081506,imptc_set_01.tar.gz,middle,1679472925960035,vrus,002,person,10.348255154855023,15.950742274608874,1.7037273427685382,4.5468716066243795,vehicles,1005,car,22.793466611311093,-2.780740247015234,0.5971315735418826,14.112566142230989,22.488925,0000_20230322_081506/vehicles/1005/track.json
0001,0000_20230322_081506,imptc_set_01.tar.gz,middle,1679472925960035,vrus,002,person,10.348255154855023,15.950742274608874,1.7037273427685382,4.5468716066243795,vehicles,1057,car,33.682974514133434,5.032992101525182,0.5892776320064682,0.2055989673591286,25.7625,0000_20230322_081506/vehicles/1057/track.json
0002,0000_20230322_081506,imptc_set_01.tar.gz,middle,1679472929960035,vrus,003,person,-3.752289794931896,-4.270228318442506,1.7901220564242681,6.061612713283345,vrus,000,person,-2.3239274187279664,2.08663906290294,1.7992852055846655,0.03911321768575358,6.515365,0000_20230322_081506/vrus/000/track.json
0002,0000_20230322_081506,imptc_set_01.tar.gz,middle,1679472929960035,vrus,003,person,-3.752289794931896,-4.270228318442506,1.7901220564242681,6.061612713283345,vehicles,1016,car,2.687996068371093,-0.32137059634395954,0.7828628504200988,13.229137608862013,7.554519,0000_20230322_081506/vehicles/1016/track.json
0002,0000_20230322_081506,imptc_set_01.tar.gz,middle,1679472929960035,vrus,003,person,-3.752289794931896,-4.270228318442506,1.7901220564242681,6.061612713283345,vehicles,1054,car,0.6989579795782213,8.598347171744937,0.7773350076274483,14.713001895794042,13.616675,0000_20230322_081506/vehicles/1054/track.json
0002,0000_20230322_081506,imptc_set_01.tar.gz,middle,1679472929960035,vrus,003,person,-3.752289794931896,-4.270228318442506,1.7901220564242681,6.061612713283345,vehicles,1053,car,9.477591173632588,1.3036387606698308,1.453322071133724,18.767332472360472,14.356105,0000_20230322_081506/vehicles/1053/track.json
0002,0000_20230322_081506,imptc_set_01.tar.gz,middle,1679472929960035,vrus,003,person,-3.752289794931896,-4.270228318442506,1.7901220564242681,6.061612713283345,vehicles,1018,car,-5.472059651469927,13.548639435462283,0.39573513834896895,15.684700533673082,17.901666,0000_20230322_081506/vehicles/1018/track.json
0002,0000_20230322_081506,imptc_set_01.tar.gz,middle,1679472929960035,vrus,003,person,-3.752289794931896,-4.270228318442506,1.7901220564242681,6.061612713283345,vehicles,1004,car,10.265486045417985,8.60928685086526,0.7049435432974702,31.028299310507986,19.03628,0000_20230322_081506/vehicles/1004/track.json
0002,0000_20230322_081506,imptc_set_01.tar.gz,middle,1679472929960035,vrus,003,person,-3.752289794931896,-4.270228318442506,1.7901220564242681,6.061612713283345,vehicles,1044,truck,-13.580602377077787,15.967438115597243,1.8957147798106808,11.830635519596475,22.497975,0000_20230322_081506/vehicles/1044/track.json
0002,0000_20230322_081506,imptc_set_01.tar.gz,middle,1679472929960035,vrus,003,person,-3.752289794931896,-4.270228318442506,1.7901220564242681,6.061612713283345,vehicles,1056,car,-6.5899988553766,18.464671252030286,0.7166452888374237,0.06252766959746903,22.911313,0000_20230322_081506/vehicles/1056/track.json
0002,0000_20230322_081506,imptc_set_01.tar.gz,middle,1679472929960035,vrus,003,person,-3.752289794931896,-4.270228318442506,1.7901220564242681,6.061612713283345,vehicles,1005,car,-4.820231890766302,20.800070750499312,1.0370436456532117,27.42850014320654,25.093035,0000_20230322_081506/vehicles/1005/track.json
0002,0000_20230322_081506,imptc_set_01.tar.gz,middle,1679472929960035,vrus,003,person,-3.752289794931896,-4.270228318442506,1.7901220564242681,6.061612713283345,vrus,001,scooter,10.448220272404656,16.697815216852348,1.8034216819722324,1.0045944198368193,25.324165,0000_20230322_081506/vrus/001/track.json
0002,0000_20230322_081506,imptc_set_01.tar.gz,middle,1679472929960035,vrus,003,person,-3.752289794931896,-4.270228318442506,1.7901220564242681,6.061612713283345,vrus,002,person,6.872632559332036,19.500400524792507,1.712271573957246,4.43071047531968,26.037123,0000_20230322_081506/vrus/002/track.json
0002,0000_20230322_081506,imptc_set_01.tar.gz,middle,1679472929960035,vrus,003,person,-3.752289794931896,-4.270228318442506,1.7901220564242681,6.061612713283345,vehicles,1002,car,23.985550355708458,1.1309848928943524,0.5560504371457652,24.92595233473909,28.25882,0000_20230322_081506/vehicles/1002/track.json
0002,0000_20230322_081506,imptc_set_01.tar.gz,middle,1679472929960035,vrus,003,person,-3.752289794931896,-4.270228318442506,1.7901220564242681,6.061612713283345,vehicles,1015,car,-6.369799412140255,24.334189568547853,0.9352381182876056,22.29188166313246,28.723929,0000_20230322_081506/vehicles/1015/track.json
0002,0000_20230322_081506,imptc_set_01.tar.gz,middle,1679472929960035,vrus,003,person,-3.752289794931896,-4.270228318442506,1.7901220564242681,6.061612713283345,vehicles,1021,car,26.91276158959933,-5.893229540025088,0.6053673813902856,25.90916933962532,30.707971,0000_20230322_081506/vehicles/1021/track.json
0002,0000_20230322_081506,imptc_set_01.tar.gz,middle,1679472929960035,vrus,003,person,-3.752289794931896,-4.270228318442506,1.7901220564242681,6.061612713283345,vehicles,1008,car,26.322499365541702,16.10015190351909,1.1790522143941473,19.707443520221368,36.32417,0000_20230322_081506/vehicles/1008/track.json
0004,0001_20230322_083454,imptc_set_01.tar.gz,middle,1679474128520035,vrus,000,person,-1.7604826595645504,1.0008987428887337,1.6251585857575201,0.057949733594498065,vrus,013,person,-1.1431490416142742,0.4843237734297163,1.9406619060451304,0.049303669503586195,0.804954,0001_20230322_083454/vrus/013/track.json
0004,0001_20230322_083454,imptc_set_01.tar.gz,middle,1679474128520035,vrus,000,person,-1.7604826595645504,1.0008987428887337,1.6251585857575201,0.057949733594498065,vrus,008,scooter,-2.177639636855593,-0.4455504284939472,1.8181681757774353,0.13525749221222222,1.505402,0001_20230322_083454/vrus/008/track.json
0004,0001_20230322_083454,imptc_set_01.tar.gz,middle,1679474128520035,vrus,000,person,-1.7604826595645504,1.0008987428887337,1.6251585857575201,0.057949733594498065,vrus,003,person,-0.08310304832209857,0.5542593992811479,1.7944951755491487,0.10872746135813285,1.735825,0001_20230322_083454/vrus/003/track.json
0004,0001_20230322_083454,imptc_set_01.tar.gz,middle,1679474128520035,vrus,000,person,-1.7604826595645504,1.0008987428887337,1.6251585857575201,0.057949733594498065,vrus,001,person,-2.6058994336902033,2.7128506537914596,1.697763839882654,0.067905863364012,1.909322,0001_20230322_083454/vrus/001/track.json
0004,0001_20230322_083454,imptc_set_01.tar.gz,middle,1679474128520035,vrus,000,person,-1.7604826595645504,1.0008987428887337,1.6251585857575201,0.057949733594498065,vrus,002,person,1.6449911652754996,-3.0207236867181626,1.816482316618273,5.053912370318944,5.269791,0001_20230322_083454/vrus/002/track.json
0004,0001_20230322_083454,imptc_set_01.tar.gz,middle,1679474128520035,vrus,000,person,-1.7604826595645504,1.0008987428887337,1.6251585857575201,0.057949733594498065,vrus,005,person,1.7015043688477545,-3.015218385980087,1.8195227645705951,5.088646561988907,5.302316,0001_20230322_083454/vrus/005/track.json
0004,0001_20230322_083454,imptc_set_01.tar.gz,middle,1679474128520035,vrus,000,person,-1.7604826595645504,1.0008987428887337,1.6251585857575201,0.057949733594498065,vehicles,1030,car,0.2067425257586507,12.661976570471685,0.6726713836769692,7.743734444982004,11.825849,0001_20230322_083454/vehicles/1030/track.json
0004,0001_20230322_083454,imptc_set_01.tar.gz,middle,1679474128520035,vrus,000,person,-1.7604826595645504,1.0008987428887337,1.6251585857575201,0.057949733594498065,vrus,015,motorcycle,9.942520146471804,-2.826935333057711,1.6781270241317152,42.523836611951154,12.313106,0001_20230322_083454/vrus/015/track.json
0004,0001_20230322_083454,imptc_set_01.tar.gz,middle,1679474128520035,vrus,000,person,-1.7604826595645504,1.0008987428887337,1.6251585857575201,0.057949733594498065,vehicles,1029,car,-7.673723444713717,11.930510717177397,0.9499162860290251,27.31156450229462,12.426698,0001_20230322_083454/vehicles/1029/track.json
0004,0001_20230322_083454,imptc_set_01.tar.gz,middle,1679474128520035,vrus,000,person,-1.7604826595645504,1.0008987428887337,1.6251585857575201,0.057949733594498065,vehicles,1037,car,-5.368677070173148,17.062928003957804,0.7608785843318371,3.5300881213065507,16.462316,0001_20230322_083454/vehicles/1037/track.json
0004,0001_20230322_083454,imptc_set_01.tar.gz,middle,1679474128520035,vrus,000,person,-1.7604826595645504,1.0008987428887337,1.6251585857575201,0.057949733594498065,vrus,004,person,10.063443759347205,16.938138200665787,1.7012579307500948,0.14172406526600442,19.844416,0001_20230322_083454/vrus/004/track.json
0004,0001_20230322_083454,imptc_set_01.tar.gz,middle,1679474128520035,vrus,000,person,-1.7604826595645504,1.0008987428887337,1.6251585857575201,0.057949733594498065,vehicles,1038,car,22.70854247152598,18.967148147089475,0.7251764297519546,0.06214842642774902,30.356537,0001_20230322_083454/vehicles/1038/track.json
0005,0001_20230322_083454,imptc_set_01.tar.gz,middle,1679474127040035,vrus,001,person,-2.603696671906863,2.6996829826716424,1.700201810506519,0.061103527841035336,vrus,000,person,-1.755817991730021,0.9938065019330609,1.6286762729273663,0.021451335779172336,1.904971,0001_20230322_083454/vrus/000/track.json
0005,0001_20230322_083454,imptc_set_01.tar.gz,middle,1679474127040035,vrus,001,person,-2.603696671906863,2.6996829826716424,1.700201810506519,0.061103527841035336,vrus,013,person,-1.1062122959323082,0.4778798178540474,1.9498473089674186,0.1109788788955101,2.679341,0001_20230322_083454/vrus/013/track.json
0005,0001_20230322_083454,imptc_set_01.tar.gz,middle,1679474127040035,vrus,001,person,-2.603696671906863,2.6996829826716424,1.700201810506519,0.061103527841035336,vrus,008,scooter,-2.1116917346000346,-0.4116235108362658,1.8211399517187477,0.09970582745724034,3.149968,0001_20230322_083454/vrus/008/track.json
0005,0001_20230322_083454,imptc_set_01.tar.gz,middle,1679474127040035,vrus,001,person,-2.603696671906863,2.6996829826716424,1.700201810506519,0.061103527841035336,vrus,003,person,-0.07375726749564704,0.5837873159212044,1.7986841514179064,0.06777345098253063,3.298122,0001_20230322_083454/vrus/003/track.json
0005,0001_20230322_083454,imptc_set_01.tar.gz,middle,1679474127040035,vrus,001,person,-2.603696671906863,2.6996829826716424,1.700201810506519,0.061103527841035336,vrus,002,person,3.3043039335322804,-4.334290292763478,1.7934040482766096,5.247424092770549,9.185927,0001_20230322_083454/vrus/002/track.json
0005,0001_20230322_083454,imptc_set_01.tar.gz,middle,1679474127040035,vrus,001,person,-2.603696671906863,2.6996829826716424,1.700201810506519,0.061103527841035336,vrus,005,person,3.3625484265436443,-4.3435827363403785,1.8304766624900746,5.193767265470291,9.230584,0001_20230322_083454/vrus/005/track.json
0005,0001_20230322_083454,imptc_set_01.tar.gz,middle,1679474127040035,vrus,001,person,-2.603696671906863,2.6996829826716424,1.700201810506519,0.061103527841035336,vehicles,1030,car,-0.2390503840887515,13.1572864759956,0.6903050248487591,0.11293436036977297,10.721615,0001_20230322_083454/vehicles/1030/track.json
0005,0001_20230322_083454,imptc_set_01.tar.gz,middle,1679474127040035,vrus,001,person,-2.603696671906863,2.6996829826716424,1.700201810506519,0.061103527841035336,vehicles,1037,car,-5.8823466300476275,17.539050936694373,0.7674661945340441,0.12736749929382304,15.197249,0001_20230322_083454/vehicles/1037/track.json
0005,0001_20230322_083454,imptc_set_01.tar.gz,middle,1679474127040035,vrus,001,person,-2.603696671906863,2.6996829826716424,1.700201810506519,0.061103527841035336,vrus,004,person,10.050249277850726,16.921098571823354,1.7067459206920375,0.07419195702103906,19.036045,0001_20230322_083454/vrus/004/track.json
0005,0001_20230322_083454,imptc_set_01.tar.gz,middle,1679474127040035,vrus,001,person,-2.603696671906863,2.6996829826716424,1.700201810506519,0.061103527841035336,vehicles,1038,car,22.708107075308526,18.972779703289454,0.7249194244623031,0.04188567367579181,30.091545,0001_20230322_083454/vehicles/1038/track.json
0005,0001_20230322_083454,imptc_set_01.tar.gz,middle,1679474127040035,vrus,001,person,-2.603696671906863,2.6996829826716424,1.700201810506519,0.061103527841035336,vehicles,1014,car,27.83296668222693,-13.285915624902813,0.3876012963550668,39.87777104302186,34.379206,0001_20230322_083454/vehicles/1014/track.json
0005,0001_20230322_083454,imptc_set_01.tar.gz,middle,1679474127040035,vrus,001,person,-2.603696671906863,2.6996829826716424,1.700201810506519,0.061103527841035336,vehicles,1015,car,30.27859570587004,-19.018888078691077,0.47911954082832886,27.636920666603658,39.407379,0001_20230322_083454/vehicles/1015/track.json
0006,0001_20230322_083454,imptc_set_01.tar.gz,middle,1679474140080035,vrus,002,person,-1.9463365027705006,-0.5989755061973071,1.6490573543003815,0.034495737401616176,vrus,000,person,-1.775081517177378,1.0250970618782107,1.6363731431868624,0.050869220757560535,1.633077,0001_20230322_083454/vrus/000/track.json
0006,0001_20230322_083454,imptc_set_01.tar.gz,middle,1679474140080035,vrus,002,person,-1.9463365027705006,-0.5989755061973071,1.6490573543003815,0.034495737401616176,vrus,003,person,0.009278990459434736,0.5119223662549502,1.7832542070507995,0.062489846030670315,2.249117,0001_20230322_083454/vrus/003/track.json
0006,0001_20230322_083454,imptc_set_01.tar.gz,middle,1679474140080035,vrus,002,person,-1.9463365027705006,-0.5989755061973071,1.6490573543003815,0.034495737401616176,vrus,001,person,-2.5549104197260495,2.720297639322926,1.6937111298406629,0.10426330481544954,3.374602,0001_20230322_083454/vrus/001/track.json
0006,0001_20230322_083454,imptc_set_01.tar.gz,middle,1679474140080035,vrus,002,person,-1.9463365027705006,-0.5989755061973071,1.6490573543003815,0.034495737401616176,vrus,005,person,-5.171362214847855,3.4819293447767365,1.7448002454875973,3.905775694581229,5.201401,0001_20230322_083454/vrus/005/track.json
0006,0001_20230322_083454,imptc_set_01.tar.gz,middle,1679474140080035,vrus,002,person,-1.9463365027705006,-0.5989755061973071,1.6490573543003815,0.034495737401616176,vehicles,1022,car,3.3329952938731493,10.870350964787546,0.6737101454580832,15.355552776524716,12.626036,0001_20230322_083454/vehicles/1022/track.json
0006,0001_20230322_083454,imptc_set_01.tar.gz,middle,1679474140080035,vrus,002,person,-1.9463365027705006,-0.5989755061973071,1.6490573543003815,0.034495737401616176,vrus,007,person,-10.798002979222433,-11.39715825688235,1.739420544596879,5.94296960098879,13.962548,0001_20230322_083454/vrus/007/track.json
0006,0001_20230322_083454,imptc_set_01.tar.gz,middle,1679474140080035,vrus,002,person,-1.9463365027705006,-0.5989755061973071,1.6490573543003815,0.034495737401616176,vehicles,1031,car,-6.215812919182634,18.429311324657114,0.42934837636623324,13.121943447075859,19.501388,0001_20230322_083454/vehicles/1031/track.json
0006,0001_20230322_083454,imptc_set_01.tar.gz,middle,1679474140080035,vrus,002,person,-1.9463365027705006,-0.5989755061973071,1.6490573543003815,0.034495737401616176,vrus,004,person,9.478309326261426,16.30583547559191,1.691329699190135,0.08624588087738026,20.403313,0001_20230322_083454/vrus/004/track.json
0006,0001_20230322_083454,imptc_set_01.tar.gz,middle,1679474140080035,vrus,002,person,-1.9463365027705006,-0.5989755061973071,1.6490573543003815,0.034495737401616176,vehicles,1023,car,17.17007839750544,8.96825783628051,0.7162004783962063,19.79413201953056,21.37684,0001_20230322_083454/vehicles/1023/track.json
0006,0001_20230322_083454,imptc_set_01.tar.gz,middle,1679474140080035,vrus,002,person,-1.9463365027705006,-0.5989755061973071,1.6490573543003815,0.034495737401616176,vehicles,1038,car,22.708282070545035,18.971184084667918,0.7250441916654339,0.01885738794622108,31.477633,0001_20230322_083454/vehicles/1038/track.json
0006,0001_20230322_083454,imptc_set_01.tar.gz,middle,1679474140080035,vrus,002,person,-1.9463365027705006,-0.5989755061973071,1.6490573543003815,0.034495737401616176,vehicles,1028,car,28.87120386348908,18.42782714916984,0.8910499187191946,20.272006504240927,36.217952,0001_20230322_083454/vehicles/1028/track.json
0006,0001_20230322_083454,imptc_set_01.tar.gz,middle,1679474140080035,vrus,002,person,-1.9463365027705006,-0.5989755061973071,1.6490573543003815,0.034495737401616176,vehicles,1021,car,37.39739053807705,28.443601824430893,0.8397543970692574,26.404970649809645,48.901944,0001_20230322_083454/vehicles/1021/track.json
0007,0001_20230322_083454,imptc_set_01.tar.gz,middle,1679474137160035,vrus,003,person,0.021173428094689483,0.49350141201468234,1.795252117079558,0.07495643354027762,vrus,000,person,-1.850987253266587,1.1406132058000111,1.6300435024527657,0.09632689449350068,1.980843,0001_20230322_083454/vrus/000/track.json
0007,0001_20230322_083454,imptc_set_01.tar.gz,middle,1679474137160035,vrus,003,person,0.021173428094689483,0.49350141201468234,1.795252117079558,0.07495643354027762,vrus,002,person,-1.9081301141116476,-0.5730029486954117,1.6877239179200656,0.663915127869366,2.20446,0001_20230322_083454/vrus/002/track.json
0007,0001_20230322_083454,imptc_set_01.tar.gz,middle,1679474137160035,vrus,003,person,0.021173428094689483,0.49350141201468234,1.795252117079558,0.07495643354027762,vrus,005,person,-2.936459003280916,0.9978189438737012,1.8014178742347098,4.213130681192886,3.000321,0001_20230322_083454/vrus/005/track.json
0007,0001_20230322_083454,imptc_set_01.tar.gz,middle,1679474137160035,vrus,003,person,0.021173428094689483,0.49350141201468234,1.795252117079558,0.07495643354027762,vrus,001,person,-2.587579980550992,2.6969373954834115,1.7004164524685959,0.07700803766380322,3.41478,0001_20230322_083454/vrus/001/track.json
0007,0001_20230322_083454,imptc_set_01.tar.gz,middle,1679474137160035,vrus,003,person,0.021173428094689483,0.49350141201468234,1.795252117079558,0.07495643354027762,vehicles,1023,car,0.3785429197289988,12.910407714209445,0.6744183559902521,17.807362456029022,12.422048,0001_20230322_083454/vehicles/1023/track.json
0007,0001_20230322_083454,imptc_set_01.tar.gz,middle,1679474137160035,vrus,003,person,0.021173428094689483,0.49350141201468234,1.795252117079558,0.07495643354027762,vehicles,1029,car,-3.263444687340049,-11.51461688369442,1.1854052968301918,12.15948535565443,12.449242,0001_20230322_083454/vehicles/1029/track.json
0007,0001_20230322_083454,imptc_set_01.tar.gz,middle,1679474137160035,vrus,003,person,0.021173428094689483,0.49350141201468234,1.795252117079558,0.07495643354027762,vehicles,1028,car,13.525360041724294,8.47979791357187,0.6454763993509414,18.175068233141026,15.688977,0001_20230322_083454/vehicles/1028/track.json
0007,0001_20230322_083454,imptc_set_01.tar.gz,middle,1679474137160035,vrus,003,person,0.021173428094689483,0.49350141201468234,1.795252117079558,0.07495643354027762,vrus,004,person,9.552524988143281,16.312133136812292,1.710337017879364,0.05040682407259379,18.468237,0001_20230322_083454/vrus/004/track.json
0007,0001_20230322_083454,imptc_set_01.tar.gz,middle,1679474137160035,vrus,003,person,0.021173428094689483,0.49350141201468234,1.795252117079558,0.07495643354027762,vrus,007,person,-13.567062772554905,-14.422172282272072,1.9205753765207174,3.391326709776896,20.177153,0001_20230322_083454/vrus/007/track.json
0007,0001_20230322_083454,imptc_set_01.tar.gz,middle,1679474137160035,vrus,003,person,0.021173428094689483,0.49350141201468234,1.795252117079558,0.07495643354027762,vehicles,1021,car,21.900751329929776,11.469376734685373,0.5863617027483692,18.38576570762326,24.478271,0001_20230322_083454/vehicles/1021/track.json
0007,0001_20230322_083454,imptc_set_01.tar.gz,middle,1679474137160035,vrus,003,person,0.021173428094689483,0.49350141201468234,1.795252117079558,0.07495643354027762,vehicles,1038,car,22.715138188695928,18.970884382494596,0.7252001717257747,0.023475394985372933,29.26482,0001_20230322_083454/vehicles/1038/track.json
0007,0001_20230322_083454,imptc_set_01.tar.gz,middle,1679474137160035,vrus,003,person,0.021173428094689483,0.49350141201468234,1.795252117079558,0.07495643354027762,vehicles,1037,car,33.18352330617708,23.22337936391271,0.9994664679895702,22.17861558327458,40.204338,0001_20230322_083454/vehicles/1037/track.json
0008,0001_20230322_083454,imptc_set_01.tar.gz,middle,1679474145640035,vrus,004,person,9.32455469941376,15.696147576948283,1.68432959619547,4.025344130129231,vehicles,1031,car,-1.6019544131952212,14.471063424903372,0.7178283835212105,0.33088297766667196,10.994973,0001_20230322_083454/vehicles/1031/track.json
0008,0001_20230322_083454,imptc_set_01.tar.gz,middle,1679474145640035,vrus,004,person,9.32455469941376,15.696147576948283,1.68432959619547,4.025344130129231,vehicles,1038,car,22.712385499103103,18.97782278080872,0.7250017238735333,0.06223120782189376,13.784172,0001_20230322_083454/vehicles/1038/track.json
0008,0001_20230322_083454,imptc_set_01.tar.gz,middle,1679474145640035,vrus,004,person,9.32455469941376,15.696147576948283,1.68432959619547,4.025344130129231,vrus,001,person,-1.0022438540234255,3.9867361851394083,1.6568320882497642,6.843146658064421,15.612594,0001_20230322_083454/vrus/001/track.json
0008,0001_20230322_083454,imptc_set_01.tar.gz,middle,1679474145640035,vrus,004,person,9.32455469941376,15.696147576948283,1.68432959619547,4.025344130129231,vrus,003,person,0.8696287506281148,1.6984467015476792,1.8097061939810961,5.972431532854218,16.353024,0001_20230322_083454/vrus/003/track.json
0008,0001_20230322_083454,imptc_set_01.tar.gz,middle,1679474145640035,vrus,004,person,9.32455469941376,15.696147576948283,1.68432959619547,4.025344130129231,vrus,000,person,-1.2317981300687753,1.9000001358505556,1.6005073190209227,4.8641091850669955,17.371536,0001_20230322_083454/vrus/000/track.json
0008,0001_20230322_083454,imptc_set_01.tar.gz,middle,1679474145640035,vrus,004,person,9.32455469941376,15.696147576948283,1.68432959619547,4.025344130129231,vrus,002,person,-1.604374999876975,-0.06202661223656937,1.6142004528973317,3.907473389250935,19.17711,0001_20230322_083454/vrus/002/track.json
0008,0001_20230322_083454,imptc_set_01.tar.gz,middle,1679474145640035,vrus,004,person,9.32455469941376,15.696147576948283,1.68432959619547,4.025344130129231,vrus,005,person,-9.204459736285855,8.259516819652106,1.7380287099917735,4.065753388932832,19.965667,0001_20230322_083454/vrus/005/track.json
0008,0001_20230322_083454,imptc_set_01.tar.gz,middle,1679474145640035,vrus,004,person,9.32455469941376,15.696147576948283,1.68432959619547,4.025344130129231,vrus,009,person,-9.312410121214503,6.870665597990013,1.6343309832025867,3.9551644000394335,20.620999,0001_20230322_083454/vrus/009/track.json
0008,0001_20230322_083454,imptc_set_01.tar.gz,middle,1679474145640035,vrus,004,person,9.32455469941376,15.696147576948283,1.68432959619547,4.025344130129231,vehicles,1022,car,32.94063099638393,24.152096395398956,1.1288116246804916,18.811931082736393,25.0843,0001_20230322_083454/vehicles/1022/track.json
0008,0001_20230322_083454,imptc_set_01.tar.gz,middle,1679474145640035,vrus,004,person,9.32455469941376,15.696147576948283,1.68432959619547,4.025344130129231,vrus,007,person,-4.61392288986444,-5.236112598830248,1.6679108474514612,6.440955551171385,25.148373,0001_20230322_083454/vrus/007/track.json
0008,0001_20230322_083454,imptc_set_01.tar.gz,middle,1679474145640035,vrus,004,person,9.32455469941376,15.696147576948283,1.68432959619547,4.025344130129231,vehicles,1035,car,29.52851509830089,-8.289787334783123,0.4642183511919118,12.833137416790235,31.361204,0001_20230322_083454/vehicles/1035/track.json
0008,0001_20230322_083454,imptc_set_01.tar.gz,middle,1679474145640035,vrus,004,person,9.32455469941376,15.696147576948283,1.68432959619547,4.025344130129231,vehicles,1036,car,-4.655853609158255,-16.705653144743568,0.9166965669422721,5.519651423659558,35.289212,0001_20230322_083454/vehicles/1036/track.json
0009,0001_20230322_083454,imptc_set_01.tar.gz,middle,1679474140240035,vrus,005,person,-5.269199914256276,3.6279382121176766,1.7476479384147359,3.9859389700935353,vrus,001,person,-2.558742457770559,2.722932756202174,1.6944385750975604,0.10314104839463185,2.857554,0001_20230322_083454/vrus/001/track.json
0009,0001_20230322_083454,imptc_set_01.tar.gz,middle,1679474140240035,vrus,005,person,-5.269199914256276,3.6279382121176766,1.7476479384147359,3.9859389700935353,vrus,000,person,-1.7772191404838453,1.0244444640431454,1.636678826659237,0.05239396421623138,4.355698,0001_20230322_083454/vrus/000/track.json
0009,0001_20230322_083454,imptc_set_01.tar.gz,middle,1679474140240035,vrus,005,person,-5.269199914256276,3.6279382121176766,1.7476479384147359,3.9859389700935353,vrus,002,person,-1.94660348026638,-0.6003536161644575,1.648992503701485,0.028673201896243734,5.377555,0001_20230322_083454/vrus/002/track.json
0009,0001_20230322_083454,imptc_set_01.tar.gz,middle,1679474140240035,vrus,005,person,-5.269199914256276,3.6279382121176766,1.7476479384147359,3.9859389700935353,vrus,003,person,0.01167214889128456,0.5101543408745527,1.7840275495069098,0.07315372452450714,6.132551,0001_20230322_083454/vrus/003/track.json
0009,0001_20230322_083454,imptc_set_01.tar.gz,middle,1679474140240035,vrus,005,person,-5.269199914256276,3.6279382121176766,1.7476479384147359,3.9859389700935353,vehicles,1022,car,4.116863221374975,10.520571040738712,0.679282584814805,15.553658069944689,11.645023,0001_20230322_083454/vehicles/1022/track.json
0009,0001_20230322_083454,imptc_set_01.tar.gz,middle,1679474140240035,vrus,005,person,-5.269199914256276,3.6279382121176766,1.7476479384147359,3.9859389700935353,vehicles,1031,car,-5.59585321497764,17.9721697774718,0.5721799746476641,14.219518351911303,14.34795,0001_20230322_083454/vehicles/1031/track.json
0009,0001_20230322_083454,imptc_set_01.tar.gz,middle,1679474140240035,vrus,005,person,-5.269199914256276,3.6279382121176766,1.7476479384147359,3.9859389700935353,vrus,007,person,-10.608865153419023,-11.211173072364376,1.7385787892003262,5.984255855742549,15.770582,0001_20230322_083454/vrus/007/track.json
0009,0001_20230322_083454,imptc_set_01.tar.gz,middle,1679474140240035,vrus,005,person,-5.269199914256276,3.6279382121176766,1.7476479384147359,3.9859389700935353,vrus,004,person,9.474676883718724,16.305704701736364,1.6909884360062535,0.077908340387926,19.444991,0001_20230322_083454/vrus/004/track.json
0009,0001_20230322_083454,imptc_set_01.tar.gz,middle,1679474140240035,vrus,005,person,-5.269199914256276,3.6279382121176766,1.7476479384147359,3.9859389700935353,vehicles,1023,car,18.18944028059225,9.398482251155457,0.7088585788776742,20.006801966413533,24.157959,0001_20230322_083454/vehicles/1023/track.json
0009,0001_20230322_083454,imptc_set_01.tar.gz,middle,1679474140240035,vrus,005,person,-5.269199914256276,3.6279382121176766,1.7476479384147359,3.9859389700935353,vehicles,1038,car,22.709376569644643,18.97003263801491,0.7250321853337227,0.03217100745372784,31.908942,0001_20230322_083454/vehicles/1038/track.json
0009,0001_20230322_083454,imptc_set_01.tar.gz,middle,1679474140240035,vrus,005,person,-5.269199914256276,3.6279382121176766,1.7476479384147359,3.9859389700935353,vehicles,1028,car,29.60102593803125,19.274080920727954,0.8927352564864185,20.1068241038811,38.219556,0001_20230322_083454/vehicles/1028/track.json
0009,0001_20230322_083454,imptc_set_01.tar.gz,middle,1679474140240035,vrus,005,person,-5.269199914256276,3.6279382121176766,1.7476479384147359,3.9859389700935353,vehicles,1021,car,38.567978957319134,29.419508761218857,0.8615854211675482,28.087813617858778,50.86161,0001_20230322_083454/vehicles/1021/track.json
0010,0001_20230322_083454,imptc_set_01.tar.gz,middle,1679474109920035,vrus,006,person,10.002740836270926,16.75825519748047,1.7046993203147571,4.569250697793216,vehicles,1003,car,2.309283802529506,15.376460785508606,0.7247717660207318,50.803805257852964,7.816562,0001_20230322_083454/vehicles/1003/track.json
0010,0001_20230322_083454,imptc_set_01.tar.gz,middle,1679474109920035,vrus,006,person,10.002740836270926,16.75825519748047,1.7046993203147571,4.569250697793216,vehicles,1038,car,22.70894104457264,18.958167749108192,0.7253242236643752,0.04870006776191722,12.895237,0001_20230322_083454/vehicles/1038/track.json
0010,0001_20230322_083454,imptc_set_01.tar.gz,middle,1679474109920035,vrus,006,person,10.002740836270926,16.75825519748047,1.7046993203147571,4.569250697793216,vrus,011,person,-0.7692547365837331,25.063250566122587,1.65184912136624,4.991844616773029,13.601795,0001_20230322_083454/vrus/011/track.json
0010,0001_20230322_083454,imptc_set_01.tar.gz,middle,1679474109920035,vrus,006,person,10.002740836270926,16.75825519748047,1.7046993203147571,4.569250697793216,vehicles,1009,car,9.4467471895067,1.2641850030593498,0.8107643730459513,36.3814429504323,15.504043,0001_20230322_083454/vehicles/1009/track.json
0010,0001_20230322_083454,imptc_set_01.tar.gz,middle,1679474109920035,vrus,006,person,10.002740836270926,16.75825519748047,1.7046993203147571,4.569250697793216,vrus,012,person,-0.9658868347105928,27.761144017669093,1.5045363710677333,4.933204410450456,15.536227,0001_20230322_083454/vrus/012/track.json
0010,0001_20230322_083454,imptc_set_01.tar.gz,middle,1679474109920035,vrus,006,person,10.002740836270926,16.75825519748047,1.7046993203147571,4.569250697793216,vehicles,1037,car,-5.834630875067096,17.485812286022693,0.7689909095176088,0.05920847932498698,15.854075,0001_20230322_083454/vehicles/1037/track.json
0010,0001_20230322_083454,imptc_set_01.tar.gz,middle,1679474109920035,vrus,006,person,10.002740836270926,16.75825519748047,1.7046993203147571,4.569250697793216,vrus,001,person,-2.571770002466581,2.7198595152008687,1.697401892475945,0.016353459095221446,18.846614,0001_20230322_083454/vrus/001/track.json
0010,0001_20230322_083454,imptc_set_01.tar.gz,middle,1679474109920035,vrus,006,person,10.002740836270926,16.75825519748047,1.7046993203147571,4.569250697793216,vrus,000,person,-1.7966115835525178,0.9799280995811541,1.634266833926473,0.037895784271523965,19.702292,0001_20230322_083454/vrus/000/track.json
0010,0001_20230322_083454,imptc_set_01.tar.gz,middle,1679474109920035,vrus,006,person,10.002740836270926,16.75825519748047,1.7046993203147571,4.569250697793216,vrus,010,person,2.4451072954929556,-4.021439486866184,1.634555391099646,5.065580191236932,22.111389,0001_20230322_083454/vrus/010/track.json
0010,0001_20230322_083454,imptc_set_01.tar.gz,middle,1679474109920035,vrus,006,person,10.002740836270926,16.75825519748047,1.7046993203147571,4.569250697793216,vrus,008,scooter,5.6844984869373665,-6.277556175778227,1.8874206900640913,7.861337916298325,23.437061,0001_20230322_083454/vrus/008/track.json
0010,0001_20230322_083454,imptc_set_01.tar.gz,middle,1679474109920035,vrus,006,person,10.002740836270926,16.75825519748047,1.7046993203147571,4.569250697793216,vehicles,1006,car,16.7359847375797,-8.282593284695995,0.46852555440601884,27.697698523797428,25.930304,0001_20230322_083454/vehicles/1006/track.json
0010,0001_20230322_083454,imptc_set_01.tar.gz,middle,1679474109920035,vrus,006,person,10.002740836270926,16.75825519748047,1.7046993203147571,4.569250697793216,vrus,002,person,19.828605360548426,-17.710842771231633,1.7017158889053263,4.231866263069903,35.842242,0001_20230322_083454/vrus/002/track.json
0010,0001_20230322_083454,imptc_set_01.tar.gz,middle,1679474109920035,vrus,006,person,10.002740836270926,16.75825519748047,1.7046993203147571,4.569250697793216,vrus,003,person,-11.279162425786085,-13.072652729213795,1.6073361994624547,5.776188257023544,36.644269,0001_20230322_083454/vrus/003/track.json
0011,0001_20230322_083454,imptc_set_01.tar.gz,middle,1679474151920035,vrus,007,person,1.6366879302674695,3.810689369418244,1.7706848904881327,6.478549678839623,vrus,004,person,2.8362660078499142,7.914279630116345,1.8037773161363724,6.001060727488093,4.275329,0001_20230322_083454/vrus/004/track.json
0011,0001_20230322_083454,imptc_set_01.tar.gz,middle,1679474151920035,vrus,007,person,1.6366879302674695,3.810689369418244,1.7706848904881327,6.478549678839623,vrus,002,person,4.13170223332598,8.006831942702577,1.6276264597314378,5.929083746353241,4.881876,0001_20230322_083454/vrus/002/track.json
0011,0001_20230322_083454,imptc_set_01.tar.gz,middle,1679474151920035,vrus,007,person,1.6366879302674695,3.810689369418244,1.7706848904881327,6.478549678839623,vrus,009,person,-2.7621256680793085,1.5458724445783745,1.6784116115570284,6.087727072473093,4.947621,0001_20230322_083454/vrus/009/track.json
0011,0001_20230322_083454,imptc_set_01.tar.gz,middle,1679474151920035,vrus,007,person,1.6366879302674695,3.810689369418244,1.7706848904881327,6.478549678839623,vrus,000,person,5.338045602265788,9.322013667294348,1.6528860776937715,5.583910343759051,6.638881,0001_20230322_083454/vrus/000/track.json
0011,0001_20230322_083454,imptc_set_01.tar.gz,middle,1679474151920035,vrus,007,person,1.6366879302674695,3.810689369418244,1.7706848904881327,6.478549678839623,vrus,003,person,7.862904605721223,9.577645632964511,1.7960916674370686,6.137506441979541,8.486669,0001_20230322_083454/vrus/003/track.json
0011,0001_20230322_083454,imptc_set_01.tar.gz,middle,1679474151920035,vrus,007,person,1.6366879302674695,3.810689369418244,1.7706848904881327,6.478549678839623,vehicles,1036,car,8.097192468968318,-2.1095793071689033,0.6494694584050305,2.9884159201312492,8.762859,0001_20230322_083454/vehicles/1036/track.json
0011,0001_20230322_083454,imptc_set_01.tar.gz,middle,1679474151920035,vrus,007,person,1.6366879302674695,3.810689369418244,1.7706848904881327,6.478549678839623,vrus,001,person,7.467367124699447,11.957612617373155,1.698810060788519,6.825220026862264,10.018442,0001_20230322_083454/vrus/001/track.json
0011,0001_20230322_083454,imptc_set_01.tar.gz,middle,1679474151920035,vrus,007,person,1.6366879302674695,3.810689369418244,1.7706848904881327,6.478549678839623,vehicles,1031,car,-1.559845805861048,14.435511791606121,0.7203529653099034,0.6078966727769403,11.095255,0001_20230322_083454/vehicles/1031/track.json
0011,0001_20230322_083454,imptc_set_01.tar.gz,middle,1679474151920035,vrus,007,person,1.6366879302674695,3.810689369418244,1.7706848904881327,6.478549678839623,vehicles,1033,car,-7.517855406696771,12.049334878662224,0.87548840961035,2.3519332050617545,12.315882,0001_20230322_083454/vehicles/1033/track.json
0011,0001_20230322_083454,imptc_set_01.tar.gz,middle,1679474151920035,vrus,007,person,1.6366879302674695,3.810689369418244,1.7706848904881327,6.478549678839623,vehicles,1034,car,2.123421087186279,-9.882927631604073,0.8066905755099265,8.493297038398966,13.702265,0001_20230322_083454/vehicles/1034/track.json
0011,0001_20230322_083454,imptc_set_01.tar.gz,middle,1679474151920035,vrus,007,person,1.6366879302674695,3.810689369418244,1.7706848904881327,6.478549678839623,vehicles,1025,car,18.084110956827985,4.566435834646091,0.5939149661280616,21.213393283273003,16.464777,0001_20230322_083454/vehicles/1025/track.json
0011,0001_20230322_083454,imptc_set_01.tar.gz,middle,1679474151920035,vrus,007,person,1.6366879302674695,3.810689369418244,1.7706848904881327,6.478549678839623,vehicles,1038,car,16.93299315419285,12.84868661976747,0.6990533489776249,4.416749252482141,17.766889,0001_20230322_083454/vehicles/1038/track.json
0011,0001_20230322_083454,imptc_set_01.tar.gz,middle,1679474151920035,vrus,007,person,1.6366879302674695,3.810689369418244,1.7706848904881327,6.478549678839623,vrus,005,person,-14.920393770381217,11.648531195081876,1.7073401980067335,4.240935502331935,18.318535,0001_20230322_083454/vrus/005/track.json
0011,0001_20230322_083454,imptc_set_01.tar.gz,middle,1679474151920035,vrus,007,person,1.6366879302674695,3.810689369418244,1.7706848904881327,6.478549678839623,vehicles,1026,car,23.183588253809198,19.726884108154156,0.8959373465153732,6.244335693310333,26.787948,0001_20230322_083454/vehicles/1026/track.json
0011,0001_20230322_083454,imptc_set_01.tar.gz,middle,1679474151920035,vrus,007,person,1.6366879302674695,3.810689369418244,1.7706848904881327,6.478549678839623,vehicles,1035,car,27.183605759827564,-6.67441344216461,0.6514909057514189,0.2964931940280705,27.614894,0001_20230322_083454/vehicles/1035/track.json
0013,0001_20230322_083454,imptc_set_01.tar.gz,middle,1679474158480035,vrus,009,person,0.1819055920960484,-4.287235025597055,1.7175226471565082,1.8440456387049493,vrus,014,person,-0.9011900474094179,-4.96647494436415,1.6662103739626721,1.1299957549371484,1.278461,0001_20230322_083454/vrus/014/track.json
0013,0001_20230322_083454,imptc_set_01.tar.gz,middle,1679474158480035,vrus,009,person,0.1819055920960484,-4.287235025597055,1.7175226471565082,1.8440456387049493,vrus,004,person,-0.014139316016931282,-0.5521949492534107,1.6734180087413564,2.8211605391532593,3.740182,0001_20230322_083454/vrus/004/track.json
0013,0001_20230322_083454,imptc_set_01.tar.gz,middle,1679474158480035,vrus,009,person,0.1819055920960484,-4.287235025597055,1.7175226471565082,1.8440456387049493,vehicles,1034,car,4.709101549711116,-6.731873855143492,0.8203563669637373,0.12318970524070152,5.145072,0001_20230322_083454/vehicles/1034/track.json
0013,0001_20230322_083454,imptc_set_01.tar.gz,middle,1679474158480035,vrus,009,person,0.1819055920960484,-4.287235025597055,1.7175226471565082,1.8440456387049493,vehicles,1036,car,9.073637793435754,-0.933682088845539,0.6398004445779901,0.3930537647916056,9.503116,0001_20230322_083454/vehicles/1036/track.json
0013,0001_20230322_083454,imptc_set_01.tar.gz,middle,1679474158480035,vrus,009,person,0.1819055920960484,-4.287235025597055,1.7175226471565082,1.8440456387049493,vehicles,1033,car,-5.149075113970822,10.17049375206496,0.8490105556004935,0.2997625767807448,15.409259,0001_20230322_083454/vehicles/1033/track.json
0013,0001_20230322_083454,imptc_set_01.tar.gz,middle,1679474158480035,vrus,009,person,0.1819055920960484,-4.287235025597055,1.7175226471565082,1.8440456387049493,vehicles,1031,car,-1.4771603114555072,14.150437502378256,0.7162998183227326,0.4629144827713539,18.512165,0001_20230322_083454/vehicles/1031/track.json
0013,0001_20230322_083454,imptc_set_01.tar.gz,middle,1679474158480035,vrus,009,person,0.1819055920960484,-4.287235025597055,1.7175226471565082,1.8440456387049493,vrus,007,person,9.034865163721376,12.883378954863105,1.7806324672425136,6.579974063851077,19.318511,0001_20230322_083454/vrus/007/track.json
0013,0001_20230322_083454,imptc_set_01.tar.gz,middle,1679474158480035,vrus,009,person,0.1819055920960484,-4.287235025597055,1.7175226471565082,1.8440456387049493,vehicles,1038,car,14.940575169375471,11.999363063985918,0.7092197048287163,0.16564883318013235,21.97889,0001_20230322_083454/vehicles/1038/track.json
0013,0001_20230322_083454,imptc_set_01.tar.gz,middle,1679474158480035,vrus,009,person,0.1819055920960484,-4.287235025597055,1.7175226471565082,1.8440456387049493,vrus,002,person,7.331922432616094,17.91553158380112,1.593971857422854,4.963692739025427,23.325642,0001_20230322_083454/vrus/002/track.json
0013,0001_20230322_083454,imptc_set_01.tar.gz,middle,1679474158480035,vrus,009,person,0.1819055920960484,-4.287235025597055,1.7175226471565082,1.8440456387049493,vrus,000,person,13.478794620892266,16.488519615569093,1.6506751695630717,5.6749042156505,24.666561,0001_20230322_083454/vrus/000/track.json
0013,0001_20230322_083454,imptc_set_01.tar.gz,middle,1679474158480035,vrus,009,person,0.1819055920960484,-4.287235025597055,1.7175226471565082,1.8440456387049493,vehicles,1026,car,18.94733944201973,14.631175612196937,0.8654032256028089,2.1217301317325283,26.646722,0001_20230322_083454/vehicles/1026/track.json
0013,0001_20230322_083454,imptc_set_01.tar.gz,middle,1679474158480035,vrus,009,person,0.1819055920960484,-4.287235025597055,1.7175226471565082,1.8440456387049493,vrus,003,person,16.251518282585984,17.22182279127473,1.7996653853815259,5.948836486484839,26.84906,0001_20230322_083454/vrus/003/track.json
0013,0001_20230322_083454,imptc_set_01.tar.gz,middle,1679474158480035,vrus,009,person,0.1819055920960484,-4.287235025597055,1.7175226471565082,1.8440456387049493,vehicles,1035,car,27.144275400036378,-6.670135965634348,0.6547511569868356,0.2559066230008289,27.067464,0001_20230322_083454/vehicles/1035/track.json
0013,0001_20230322_083454,imptc_set_01.tar.gz,middle,1679474158480035,vrus,009,person,0.1819055920960484,-4.287235025597055,1.7175226471565082,1.8440456387049493,vehicles,1032,car,20.009489694634684,16.108452688209663,0.8827491885829203,0.7256265177926199,28.444985,0001_20230322_083454/vehicles/1032/track.json
0013,0001_20230322_083454,imptc_set_01.tar.gz,middle,1679474158480035,vrus,009,person,0.1819055920960484,-4.287235025597055,1.7175226471565082,1.8440456387049493,vrus,001,person,16.7205767120744,19.690247047301007,1.701977935338557,6.432190400519642,29.128119,0001_20230322_083454/vrus/001/track.json
0014,0001_20230322_083454,imptc_set_01.tar.gz,middle,1679474108120035,vrus,010,person,4.301936831704124,-5.6962005284594515,1.6744250769831501,5.1125121351463445,vrus,008,scooter,9.276306700722746,-9.320835301577203,1.8692836313571424,9.846462644106717,6.154863,0001_20230322_083454/vrus/008/track.json
0014,0001_20230322_083454,imptc_set_01.tar.gz,middle,1679474108120035,vrus,010,person,4.301936831704124,-5.6962005284594515,1.6744250769831501,5.1125121351463445,vehicles,1006,car,2.969994190732586,2.3213243351486628,0.6094449601269905,26.678133903981877,8.127409,0001_20230322_083454/vehicles/1006/track.json
0014,0001_20230322_083454,imptc_set_01.tar.gz,middle,1679474108120035,vrus,010,person,4.301936831704124,-5.6962005284594515,1.6744250769831501,5.1125121351463445,vrus,000,person,-1.8042955522388173,1.0086125640107522,1.6376612052732502,0.08508851279036773,9.06866,0001_20230322_083454/vrus/000/track.json
0014,0001_20230322_083454,imptc_set_01.tar.gz,middle,1679474108120035,vrus,010,person,4.301936831704124,-5.6962005284594515,1.6744250769831501,5.1125121351463445,vrus,001,person,-2.552104500628345,2.7016901487713216,1.6989027843034858,0.04191156417497119,10.839855,0001_20230322_083454/vrus/001/track.json
0014,0001_20230322_083454,imptc_set_01.tar.gz,middle,1679474108120035,vrus,010,person,4.301936831704124,-5.6962005284594515,1.6744250769831501,5.1125121351463445,vehicles,1027,truck,24.735034741379188,-15.184486937530172,1.6860784703079825,20.131069890280582,22.528628,0001_20230322_083454/vehicles/1027/track.json
0014,0001_20230322_083454,imptc_set_01.tar.gz,middle,1679474108120035,vrus,010,person,4.301936831704124,-5.6962005284594515,1.6744250769831501,5.1125121351463445,vehicles,1009,car,-7.065674078261207,13.823923002346135,0.6807237008777641,32.72271186569256,22.588887,0001_20230322_083454/vehicles/1009/track.json
0014,0001_20230322_083454,imptc_set_01.tar.gz,middle,1679474108120035,vrus,010,person,4.301936831704124,-5.6962005284594515,1.6744250769831501,5.1125121351463445,vrus,006,person,12.037971885193551,15.674304374093486,1.7013050485283163,4.706501868331737,22.72762,0001_20230322_083454/vrus/006/track.json
0014,0001_20230322_083454,imptc_set_01.tar.gz,middle,1679474108120035,vrus,010,person,4.301936831704124,-5.6962005284594515,1.6744250769831501,5.1125121351463445,vehicles,1037,car,-5.8361885802072395,17.481417994555493,0.7689940994807001,0.014097840517617123,25.297897,0001_20230322_083454/vehicles/1037/track.json
0014,0001_20230322_083454,imptc_set_01.tar.gz,middle,1679474108120035,vrus,010,person,4.301936831704124,-5.6962005284594515,1.6744250769831501,5.1125121351463445,vehicles,1008,car,-1.2115928611205868,22.057936518653527,1.0534737259617382,28.816693763450743,28.296486,0001_20230322_083454/vehicles/1008/track.json
0014,0001_20230322_083454,imptc_set_01.tar.gz,middle,1679474108120035,vrus,010,person,4.301936831704124,-5.6962005284594515,1.6744250769831501,5.1125121351463445,vrus,011,person,1.2901909544855514,23.422341584415435,1.70089504024596,4.66420466563164,29.273881,0001_20230322_083454/vrus/011/track.json
0014,0001_20230322_083454,imptc_set_01.tar.gz,middle,1679474108120035,vrus,010,person,4.301936831704124,-5.6962005284594515,1.6744250769831501,5.1125121351463445,vehicles,1038,car,22.712918151443223,18.96078033381515,0.7252896001974136,0.044553888894290725,30.772243,0001_20230322_083454/vehicles/1038/track.json
0014,0001_20230322_083454,imptc_set_01.tar.gz,middle,1679474108120035,vrus,010,person,4.301936831704124,-5.6962005284594515,1.6744250769831501,5.1125121351463445,vehicles,1019,car,35.59040730716095,-19.72894897269168,0.4931967581806924,27.47166096950417,34.2912,0001_20230322_083454/vehicles/1019/track.json
0014,0001_20230322_083454,imptc_set_01.tar.gz,middle,1679474108120035,vrus,010,person,4.301936831704124,-5.6962005284594515,1.6744250769831501,5.1125121351463445,vrus,012,person,-3.0444689520986508,29.15498159368391,1.4892758470178067,4.865823585939925,35.617055,0001_20230322_083454/vrus/012/track.json
0014,0001_20230322_083454,imptc_set_01.tar.gz,middle,1679474108120035,vrus,010,person,4.301936831704124,-5.6962005284594515,1.6744250769831501,5.1125121351463445,vehicles,1013,car,34.42942120726119,26.527824156274153,0.792914436526615,21.11781710831342,44.114092,0001_20230322_083454/vehicles/1013/track.json
0015,0001_20230322_083454,imptc_set_01.tar.gz,middle,1679474105200035,vrus,011,person,4.166569132633388,20.75035769333631,1.689417423394835,5.309771227602821,vehicles,1037,car,-5.8417511329173735,17.481664209252877,0.7689735626297034,0.03236636403747016,10.528572,0001_20230322_083454/vehicles/1037/track.json
0015,0001_20230322_083454,imptc_set_01.tar.gz,middle,1679474105200035,vrus,011,person,4.166569132633388,20.75035769333631,1.689417423394835,5.309771227602821,vrus,006,person,15.70052909361781,13.966643183824699,1.727410487954786,5.134113916488164,13.380995,0001_20230322_083454/vrus/006/track.json
0015,0001_20230322_083454,imptc_set_01.tar.gz,middle,1679474105200035,vrus,011,person,4.166569132633388,20.75035769333631,1.689417423394835,5.309771227602821,vrus,012,person,-5.985997506856847,31.739928824123993,1.5409014480702763,4.2433372982498225,14.96146,0001_20230322_083454/vrus/012/track.json
0015,0001_20230322_083454,imptc_set_01.tar.gz,middle,1679474105200035,vrus,011,person,4.166569132633388,20.75035769333631,1.689417423394835,5.309771227602821,vehicles,1038,car,22.71056967838505,18.970981755438334,0.725152131930851,0.08906682807296898,18.629174,0001_20230322_083454/vehicles/1038/track.json
0015,0001_20230322_083454,imptc_set_01.tar.gz,middle,1679474105200035,vrus,011,person,4.166569132633388,20.75035769333631,1.689417423394835,5.309771227602821,vrus,001,person,-2.5119373073192914,2.695201238227175,1.6854883445318287,0.18248172802076787,19.250743,0001_20230322_083454/vrus/001/track.json
0015,0001_20230322_083454,imptc_set_01.tar.gz,middle,1679474105200035,vrus,011,person,4.166569132633388,20.75035769333631,1.689417423394835,5.309771227602821,vrus,000,person,-1.7836185534535096,1.0368930966689425,1.645121361824491,0.2993962888268437,20.591878,0001_20230322_083454/vrus/000/track.json
0015,0001_20230322_083454,imptc_set_01.tar.gz,middle,1679474105200035,vrus,011,person,4.166569132633388,20.75035769333631,1.689417423394835,5.309771227602821,vehicles,1013,car,24.61759836025485,12.854885739667578,0.617858922726837,10.663277817478216,21.922205,0001_20230322_083454/vehicles/1013/track.json
0015,0001_20230322_083454,imptc_set_01.tar.gz,middle,1679474105200035,vrus,011,person,4.166569132633388,20.75035769333631,1.689417423394835,5.309771227602821,vehicles,1008,car,19.313344010943343,4.005794361000656,0.8557882976869152,21.013031778937197,22.578866,0001_20230322_083454/vehicles/1008/track.json
0015,0001_20230322_083454,imptc_set_01.tar.gz,middle,1679474105200035,vrus,011,person,4.166569132633388,20.75035769333631,1.689417423394835,5.309771227602821,vehicles,1027,truck,9.897767723084305,-3.1523854671670106,1.837119637018469,22.86926224363383,24.580231,0001_20230322_083454/vehicles/1027/track.json
0015,0001_20230322_083454,imptc_set_01.tar.gz,middle,1679474105200035,vrus,011,person,4.166569132633388,20.75035769333631,1.689417423394835,5.309771227602821,vehicles,1019,car,16.157425451019282,-3.665865847517135,0.7738475679607346,24.724725820376147,27.201702,0001_20230322_083454/vehicles/1019/track.json
0015,0001_20230322_083454,imptc_set_01.tar.gz,middle,1679474105200035,vrus,011,person,4.166569132633388,20.75035769333631,1.689417423394835,5.309771227602821,vrus,010,person,7.447631171026643,-8.780884980740701,1.6439929204072863,5.625338905075794,29.712954,0001_20230322_083454/vrus/010/track.json
0015,0001_20230322_083454,imptc_set_01.tar.gz,middle,1679474105200035,vrus,011,person,4.166569132633388,20.75035769333631,1.689417423394835,5.309771227602821,vrus,008,scooter,16.35169850403195,-13.937818985766782,1.8263420849538636,11.646021115476868,36.766112,0001_20230322_083454/vrus/008/track.json
0015,0001_20230322_083454,imptc_set_01.tar.gz,middle,1679474105200035,vrus,011,person,4.166569132633388,20.75035769333631,1.689417423394835,5.309771227602821,vehicles,1016,car,24.3218610579321,-10.242652922748276,0.49440984405396393,25.187824893407814,36.970292,0001_20230322_083454/vehicles/1016/track.json
0015,0001_20230322_083454,imptc_set_01.tar.gz,middle,1679474105200035,vrus,011,person,4.166569132633388,20.75035769333631,1.689417423394835,5.309771227602821,vehicles,1018,truck,35.09407643002633,-18.8553730928947,1.4283194812173043,16.429225178383465,50.250618,0001_20230322_083454/vehicles/1018/track.json
0016,0001_20230322_083454,imptc_set_01.tar.gz,middle,1679474109240035,vrus,012,person,-1.7453277438825567,28.26410051910709,1.4992555710146183,4.505657806152469,vrus,011,person,-0.00943038396515916,24.396546626937223,1.6668941693763448,5.5828495349471865,4.239259,0001_20230322_083454/vrus/011/track.json
0016,0001_20230322_083454,imptc_set_01.tar.gz,middle,1679474109240035,vrus,012,person,-1.7453277438825567,28.26410051910709,1.4992555710146183,4.505657806152469,vehicles,1037,car,-5.835292774190185,17.489484832979986,0.7687872075818204,0.07004274594078493,11.524763,0001_20230322_083454/vehicles/1037/track.json
0016,0001_20230322_083454,imptc_set_01.tar.gz,middle,1679474109240035,vrus,012,person,-1.7453277438825567,28.26410051910709,1.4992555710146183,4.505657806152469,vrus,006,person,10.763097077264485,16.353254689399492,1.6998626976229914,4.584930854210364,17.272201,0001_20230322_083454/vrus/006/track.json
0016,0001_20230322_083454,imptc_set_01.tar.gz,middle,1679474109240035,vrus,012,person,-1.7453277438825567,28.26410051910709,1.4992555710146183,4.505657806152469,vehicles,1009,car,3.319692091881993,6.163817687126775,0.7761572041077416,31.661772884020493,22.673265,0001_20230322_083454/vehicles/1009/track.json
0016,0001_20230322_083454,imptc_set_01.tar.gz,middle,1679474109240035,vrus,012,person,-1.7453277438825567,28.26410051910709,1.4992555710146183,4.505657806152469,vehicles,1003,car,11.490868298671373,7.851101089392029,0.6779020447113211,49.85639608606622,24.328737,0001_20230322_083454/vehicles/1003/track.json
0016,0001_20230322_083454,imptc_set_01.tar.gz,middle,1679474109240035,vrus,012,person,-1.7453277438825567,28.26410051910709,1.4992555710146183,4.505657806152469,vrus,001,person,-2.566042578478606,2.714503140635922,1.696984479592303,0.07464970098849796,25.562776,0001_20230322_083454/vrus/001/track.json
0016,0001_20230322_083454,imptc_set_01.tar.gz,middle,1679474109240035,vrus,012,person,-1.7453277438825567,28.26410051910709,1.4992555710146183,4.505657806152469,vehicles,1038,car,22.71947416739008,18.9752984308842,0.7251523315711138,0.08742970946905501,26.168844,0001_20230322_083454/vehicles/1038/track.json
0016,0001_20230322_083454,imptc_set_01.tar.gz,middle,1679474109240035,vrus,012,person,-1.7453277438825567,28.26410051910709,1.4992555710146183,4.505657806152469,vrus,000,person,-1.7909422818371319,0.986738848559052,1.6406569225909884,0.033594592556129885,27.2774,0001_20230322_083454/vrus/000/track.json
0016,0001_20230322_083454,imptc_set_01.tar.gz,middle,1679474109240035,vrus,012,person,-1.7453277438825567,28.26410051910709,1.4992555710146183,4.505657806152469,vrus,010,person,3.1551000247931937,-4.655770608592656,1.6601934697159428,4.97388404701711,33.28261,0001_20230322_083454/vrus/010/track.json
0016,0001_20230322_083454,imptc_set_01.tar.gz,middle,1679474109240035,vrus,012,person,-1.7453277438825567,28.26410051910709,1.4992555710146183,4.505657806152469,vehicles,1006,car,11.515657695105045,-4.392096902303517,0.532265039849015,27.402566516896695,35.246006,0001_20230322_083454/vehicles/1006/track.json
0016,0001_20230322_083454,imptc_set_01.tar.gz,middle,1679474109240035,vrus,012,person,-1.7453277438825567,28.26410051910709,1.4992555710146183,4.505657806152469,vrus,008,scooter,6.854630066919431,-7.408118266451465,1.8801886725865886,9.427307092701124,36.694229,0001_20230322_083454/vrus/008/track.json
0016,0001_20230322_083454,imptc_set_01.tar.gz,middle,1679474109240035,vrus,012,person,-1.7453277438825567,28.26410051910709,1.4992555710146183,4.505657806152469,vrus,003,person,-12.017549287516589,-13.86616669896159,1.6063635142425678,5.744020924271778,43.364478,0001_20230322_083454/vrus/003/track.json
0016,0001_20230322_083454,imptc_set_01.tar.gz,middle,1679474109240035,vrus,012,person,-1.7453277438825567,28.26410051910709,1.4992555710146183,4.505657806152469,vrus,002,person,20.48246818336386,-18.166334001775287,1.7120136687267635,4.174623559421895,51.476792,0001_20230322_083454/vrus/002/track.json
0017,0001_20230322_083454,imptc_set_01.tar.gz,middle,1679474128200035,vrus,013,person,-1.1425997732535715,0.48652999488658455,1.9415468256984811,0.05443316436745776,vrus,000,person,-1.7581276759888496,0.997439907800257,1.627269398978026,0.03498231189445647,0.79994,0001_20230322_083454/vrus/000/track.json
0017,0001_20230322_083454,imptc_set_01.tar.gz,middle,1679474128200035,vrus,013,person,-1.1425997732535715,0.48652999488658455,1.9415468256984811,0.05443316436745776,vrus,003,person,-0.07868123467889165,0.563147364906658,1.7944216717665615,0.11879396700843868,1.066674,0001_20230322_083454/vrus/003/track.json
0017,0001_20230322_083454,imptc_set_01.tar.gz,middle,1679474128200035,vrus,013,person,-1.1425997732535715,0.48652999488658455,1.9415468256984811,0.05443316436745776,vrus,008,scooter,-2.1694539311349472,-0.4336508717666992,1.817749683228199,0.18726851586968826,1.378826,0001_20230322_083454/vrus/008/track.json
0017,0001_20230322_083454,imptc_set_01.tar.gz,middle,1679474128200035,vrus,013,person,-1.1425997732535715,0.48652999488658455,1.9415468256984811,0.05443316436745776,vrus,001,person,-2.611234127164985,2.7112423837826753,1.6990728788024985,0.047184040339961195,2.665752,0001_20230322_083454/vrus/001/track.json
0017,0001_20230322_083454,imptc_set_01.tar.gz,middle,1679474128200035,vrus,013,person,-1.1425997732535715,0.48652999488658455,1.9415468256984811,0.05443316436745776,vrus,002,person,2.000457116697301,-3.2935576951342758,1.8002667441174243,5.058774613262721,4.916083,0001_20230322_083454/vrus/002/track.json
0017,0001_20230322_083454,imptc_set_01.tar.gz,middle,1679474128200035,vrus,013,person,-1.1425997732535715,0.48652999488658455,1.9415468256984811,0.05443316436745776,vrus,005,person,2.058090689144014,-3.2981655730325237,1.8104654760005923,5.161933115457944,4.956646,0001_20230322_083454/vrus/005/track.json
0017,0001_20230322_083454,imptc_set_01.tar.gz,middle,1679474128200035,vrus,013,person,-1.1425997732535715,0.48652999488658455,1.9415468256984811,0.05443316436745776,vrus,015,motorcycle,7.05651751445019,-0.39597890832484417,1.6706955675786404,42.35892169888015,8.246475,0001_20230322_083454/vrus/015/track.json
0017,0001_20230322_083454,imptc_set_01.tar.gz,middle,1679474128200035,vrus,013,person,-1.1425997732535715,0.48652999488658455,1.9415468256984811,0.05443316436745776,vehicles,1030,car,-0.19655627845029267,13.017991712389994,0.6884025438978755,2.5138717867306086,12.567121,0001_20230322_083454/vehicles/1030/track.json
0017,0001_20230322_083454,imptc_set_01.tar.gz,middle,1679474128200035,vrus,013,person,-1.1425997732535715,0.48652999488658455,1.9415468256984811,0.05443316436745776,vehicles,1029,car,-10.245169626849114,13.52454212357213,0.9365997226442747,24.094170834276174,15.901149,0001_20230322_083454/vehicles/1029/track.json
0017,0001_20230322_083454,imptc_set_01.tar.gz,middle,1679474128200035,vrus,013,person,-1.1425997732535715,0.48652999488658455,1.9415468256984811,0.05443316436745776,vehicles,1037,car,-5.624586040108507,17.277046042632865,0.7640576558086394,2.15593106018562,17.378424,0001_20230322_083454/vehicles/1037/track.json
0017,0001_20230322_083454,imptc_set_01.tar.gz,middle,1679474128200035,vrus,013,person,-1.1425997732535715,0.48652999488658455,1.9415468256984811,0.05443316436745776,vrus,004,person,10.053676151808217,16.93517403103192,1.7033069580842624,0.07850235784730847,19.8976,0001_20230322_083454/vrus/004/track.json
0017,0001_20230322_083454,imptc_set_01.tar.gz,middle,1679474128200035,vrus,013,person,-1.1425997732535715,0.48652999488658455,1.9415468256984811,0.05443316436745776,vehicles,1038,car,22.71143902895461,18.9656273351069,0.725258907492523,0.05654667276630171,30.174363,0001_20230322_083454/vehicles/1038/track.json
0019,0002_20230322_083625,imptc_set_01.tar.gz,middle,1679474215760035,vrus,000,person,-2.0079697400915553,1.879740428382892,1.6520554418064042,0.04209028756908067,vrus,002,person,-5.687421475539446,3.53367735876083,1.6684176979567296,4.971470131397486,4.034089,0002_20230322_083625/vrus/002/track.json
0019,0002_20230322_083625,imptc_set_01.tar.gz,middle,1679474215760035,vrus,000,person,-2.0079697400915553,1.879740428382892,1.6520554418064042,0.04209028756908067,vrus,003,person,-6.1841416178725455,-7.326176085486719,1.6629746317681755,4.948410836860936,10.108873,0002_20230322_083625/vrus/003/track.json
0019,0002_20230322_083625,imptc_set_01.tar.gz,middle,1679474215760035,vrus,000,person,-2.0079697400915553,1.879740428382892,1.6520554418064042,0.04209028756908067,vrus,001,person,-10.834865414634088,8.549949896579058,1.7020288946930417,4.254739655661652,11.063715,0002_20230322_083625/vrus/001/track.json
0019,0002_20230322_083625,imptc_set_01.tar.gz,middle,1679474215760035,vrus,000,person,-2.0079697400915553,1.879740428382892,1.6520554418064042,0.04209028756908067,vehicles,1050,car,1.8251880356851444,-14.167182166818387,1.018993045725779,0.031983309488550084,16.498389,0002_20230322_083625/vehicles/1050/track.json
0019,0002_20230322_083625,imptc_set_01.tar.gz,middle,1679474215760035,vrus,000,person,-2.0079697400915553,1.879740428382892,1.6520554418064042,0.04209028756908067,vehicles,1049,car,22.54842027277289,17.24852148335892,0.7729769544007158,0.2864474090383417,28.96922,0002_20230322_083625/vehicles/1049/track.json
0019,0002_20230322_083625,imptc_set_01.tar.gz,middle,1679474215760035,vrus,000,person,-2.0079697400915553,1.879740428382892,1.6520554418064042,0.04209028756908067,vehicles,1048,car,26.624270891040005,20.585059013865788,0.4773843960580181,0.2860256875086588,34.200792,0002_20230322_083625/vehicles/1048/track.json
0020,0002_20230322_083625,imptc_set_01.tar.gz,middle,1679474206080035,vrus,001,person,-1.869572932236803,0.08766304238367523,1.7570431465407377,4.494971666655432,vrus,000,person,-2.0245144495098177,1.9314983399009522,1.6550189274238702,0.07880789720988386,1.850334,0002_20230322_083625/vrus/000/track.json
0020,0002_20230322_083625,imptc_set_01.tar.gz,middle,1679474206080035,vrus,001,person,-1.869572932236803,0.08766304238367523,1.7570431465407377,4.494971666655432,vehicles,1045,car,1.6679781281308055,-5.9736877016374725,0.8513257923163292,12.006596762479456,7.018137,0002_20230322_083625/vehicles/1045/track.json
0020,0002_20230322_083625,imptc_set_01.tar.gz,middle,1679474206080035,vrus,001,person,-1.869572932236803,0.08766304238367523,1.7570431465407377,4.494971666655432,vehicles,1033,car,5.815509556835725,1.5262859966714588,0.7410845755368467,16.375180540166713,7.818576,0002_20230322_083625/vehicles/1033/track.json
0020,0002_20230322_083625,imptc_set_01.tar.gz,middle,1679474206080035,vrus,001,person,-1.869572932236803,0.08766304238367523,1.7570431465407377,4.494971666655432,vrus,002,person,4.866265399979417,-5.78408626237461,1.7074212055061186,5.222923134516845,8.935824,0002_20230322_083625/vrus/002/track.json
0020,0002_20230322_083625,imptc_set_01.tar.gz,middle,1679474206080035,vrus,001,person,-1.869572932236803,0.08766304238367523,1.7570431465407377,4.494971666655432,vehicles,1050,car,1.8378906425350947,-14.152727363330712,1.0187349484630654,0.07618085896399161,14.715094,0002_20230322_083625/vehicles/1050/track.json
0020,0002_20230322_083625,imptc_set_01.tar.gz,middle,1679474206080035,vrus,001,person,-1.869572932236803,0.08766304238367523,1.7570431465407377,4.494971666655432,vehicles,1021,car,6.517748237413312,12.249987340984118,0.9273422002351889,31.64639252772691,14.77394,0002_20230322_083625/vehicles/1021/track.json
0020,0002_20230322_083625,imptc_set_01.tar.gz,middle,1679474206080035,vrus,001,person,-1.869572932236803,0.08766304238367523,1.7570431465407377,4.494971666655432,vehicles,1030,car,20.184482594987436,-8.714100297895992,0.6332592874801656,26.775908644483753,23.745576,0002_20230322_083625/vehicles/1030/track.json
0020,0002_20230322_083625,imptc_set_01.tar.gz,middle,1679474206080035,vrus,001,person,-1.869572932236803,0.08766304238367523,1.7570431465407377,4.494971666655432,vehicles,1049,car,22.5293555601583,17.212009096703355,0.7732663889945827,0.14163411340688853,29.808572,0002_20230322_083625/vehicles/1049/track.json
0021,0002_20230322_083625,imptc_set_01.tar.gz,middle,1679474226960035,vrus,003,person,-0.3562911091230154,1.1595604807575524,1.691530867128099,0.24099853001606183,vrus,000,person,-2.0542598993212904,2.0318469945037307,1.6535245631672337,0.06561827127421362,1.908922,0002_20230322_083625/vrus/000/track.json
0021,0002_20230322_083625,imptc_set_01.tar.gz,middle,1679474226960035,vrus,003,person,-0.3562911091230154,1.1595604807575524,1.691530867128099,0.24099853001606183,vehicles,1042,car,0.8447109304182359,11.714859410412675,0.68983182994066,18.41580840540432,10.623405,0002_20230322_083625/vehicles/1042/track.json
0021,0002_20230322_083625,imptc_set_01.tar.gz,middle,1679474226960035,vrus,003,person,-0.3562911091230154,1.1595604807575524,1.691530867128099,0.24099853001606183,vehicles,1039,car,8.019670639313022,8.563985101381038,0.7205043418243545,18.82962146740958,11.179546,0002_20230322_083625/vehicles/1039/track.json
0021,0002_20230322_083625,imptc_set_01.tar.gz,middle,1679474226960035,vrus,003,person,-0.3562911091230154,1.1595604807575524,1.691530867128099,0.24099853001606183,vehicles,1050,car,1.820983736425746,-14.17378115128942,1.0191386752513376,0.1717518667168126,15.487152,0002_20230322_083625/vehicles/1050/track.json
0021,0002_20230322_083625,imptc_set_01.tar.gz,middle,1679474226960035,vrus,003,person,-0.3562911091230154,1.1595604807575524,1.691530867128099,0.24099853001606183,vrus,005,person,-11.24840129675181,-12.24099606477742,1.6040847530650386,4.422691199174867,17.268844,0002_20230322_083625/vrus/005/track.json
0021,0002_20230322_083625,imptc_set_01.tar.gz,middle,1679474226960035,vrus,003,person,-0.3562911091230154,1.1595604807575524,1.691530867128099,0.24099853001606183,vrus,004,person,-11.46488206105889,-13.04567054075077,1.6000700161329888,4.437628853206077,18.033008,0002_20230322_083625/vrus/004/track.json
0021,0002_20230322_083625,imptc_set_01.tar.gz,middle,1679474226960035,vrus,003,person,-0.3562911091230154,1.1595604807575524,1.691530867128099,0.24099853001606183,vehicles,1044,car,-6.455029368389503,18.4380214028717,0.6650071148355856,16.589071738880403,18.323204,0002_20230322_083625/vehicles/1044/track.json
0021,0002_20230322_083625,imptc_set_01.tar.gz,middle,1679474226960035,vrus,003,person,-0.3562911091230154,1.1595604807575524,1.691530867128099,0.24099853001606183,vehicles,1034,car,15.880482834166582,-7.585175952719007,0.6092443604317852,37.23467634096371,18.441888,0002_20230322_083625/vehicles/1034/track.json
0021,0002_20230322_083625,imptc_set_01.tar.gz,middle,1679474226960035,vrus,003,person,-0.3562911091230154,1.1595604807575524,1.691530867128099,0.24099853001606183,vehicles,1040,car,23.66259319320106,13.214891495908097,0.88682361884216,22.480331412683046,26.874482,0002_20230322_083625/vehicles/1040/track.json
0021,0002_20230322_083625,imptc_set_01.tar.gz,middle,1679474226960035,vrus,003,person,-0.3562911091230154,1.1595604807575524,1.691530867128099,0.24099853001606183,vehicles,1049,car,22.50470688879365,17.266809880420325,0.7715754154180406,0.08768798691926018,27.965491,0002_20230322_083625/vehicles/1049/track.json
0021,0002_20230322_083625,imptc_set_01.tar.gz,middle,1679474226960035,vrus,003,person,-0.3562911091230154,1.1595604807575524,1.691530867128099,0.24099853001606183,vehicles,1048,car,26.608456838518453,20.593442960038285,0.47981432419230036,0.2464681825852238,33.238132,0002_20230322_083625/vehicles/1048/track.json
0021,0002_20230322_083625,imptc_set_01.tar.gz,middle,1679474226960035,vrus,003,person,-0.3562911091230154,1.1595604807575524,1.691530867128099,0.24099853001606183,vehicles,1038,car,30.65186412459209,20.74350368235894,1.0351640400890112,21.83180047546299,36.67474,0002_20230322_083625/vehicles/1038/track.json
0022,0002_20230322_083625,imptc_set_01.tar.gz,middle,1679474232920035,vrus,004,person,-6.521232645048806,-7.8999917257549335,1.5615829792741858,4.627598589981232,vrus,005,person,-6.534678767519616,-7.477828347489194,1.557440034570586,2.365470790987567,0.422377,0002_20230322_083625/vrus/005/track.json
0022,0002_20230322_083625,imptc_set_01.tar.gz,middle,1679474232920035,vrus,004,person,-6.521232645048806,-7.8999917257549335,1.5615829792741858,4.627598589981232,vehicles,1050,car,1.8276136965915295,-14.171717542414441,1.0193156655605582,0.13256396469970635,10.442116,0002_20230322_083625/vehicles/1050/track.json
0022,0002_20230322_083625,imptc_set_01.tar.gz,middle,1679474232920035,vrus,004,person,-6.521232645048806,-7.8999917257549335,1.5615829792741858,4.627598589981232,vrus,003,person,-0.3586147596888455,1.10274437808328,1.6898352262609329,0.09912431049525967,10.909955,0002_20230322_083625/vrus/003/track.json
0022,0002_20230322_083625,imptc_set_01.tar.gz,middle,1679474232920035,vrus,004,person,-6.521232645048806,-7.8999917257549335,1.5615829792741858,4.627598589981232,vrus,000,person,-2.0490655607693893,2.08634947173679,1.6506329863154536,0.18850249482548134,10.941997,0002_20230322_083625/vrus/000/track.json
0022,0002_20230322_083625,imptc_set_01.tar.gz,middle,1679474232920035,vrus,004,person,-6.521232645048806,-7.8999917257549335,1.5615829792741858,4.627598589981232,vehicles,1043,car,5.968952032432174,8.337908586747929,0.7480191350918728,18.66959972241206,20.485949,0002_20230322_083625/vehicles/1043/track.json
0022,0002_20230322_083625,imptc_set_01.tar.gz,middle,1679474232920035,vrus,004,person,-6.521232645048806,-7.8999917257549335,1.5615829792741858,4.627598589981232,vehicles,1047,car,-10.858738256500136,16.805102746795416,0.3858829796319595,17.67356195699237,25.082975,0002_20230322_083625/vehicles/1047/track.json
0022,0002_20230322_083625,imptc_set_01.tar.gz,middle,1679474232920035,vrus,004,person,-6.521232645048806,-7.8999917257549335,1.5615829792741858,4.627598589981232,vehicles,1031,car,20.197909004901376,-11.55190625314501,0.642923449403776,38.47558173889698,26.967555,0002_20230322_083625/vehicles/1031/track.json
0022,0002_20230322_083625,imptc_set_01.tar.gz,middle,1679474232920035,vrus,004,person,-6.521232645048806,-7.8999917257549335,1.5615829792741858,4.627598589981232,vehicles,1041,car,15.74658481977451,7.371904420530816,0.6960992583951175,15.769038043074783,27.001602,0002_20230322_083625/vehicles/1041/track.json
0022,0002_20230322_083625,imptc_set_01.tar.gz,middle,1679474232920035,vrus,004,person,-6.521232645048806,-7.8999917257549335,1.5615829792741858,4.627598589981232,vehicles,1044,car,24.381960800054124,12.77288265332545,0.9171304764843056,17.755909669405018,37.180305,0002_20230322_083625/vehicles/1044/track.json
0022,0002_20230322_083625,imptc_set_01.tar.gz,middle,1679474232920035,vrus,004,person,-6.521232645048806,-7.8999917257549335,1.5615829792741858,4.627598589981232,vehicles,1049,car,22.52348853845217,17.22165859619501,0.7726588871659376,0.12010729956359284,38.401734,0002_20230322_083625/vehicles/1049/track.json
0022,0002_20230322_083625,imptc_set_01.tar.gz,middle,1679474232920035,vrus,004,person,-6.521232645048806,-7.8999917257549335,1.5615829792741858,4.627598589981232,vehicles,1048,car,26.64982041190574,20.556289366244606,0.4768167361605519,0.11902415855834787,43.704447,0002_20230322_083625/vehicles/1048/track.json
0022,0002_20230322_083625,imptc_set_01.tar.gz,middle,1679474232920035,vrus,004,person,-6.521232645048806,-7.8999917257549335,1.5615829792741858,4.627598589981232,vehicles,1042,car,31.56033517214099,20.933990724042147,0.936124799382223,18.98258219169032,47.766142,0002_20230322_083625/vehicles/1042/track.json
