sample_id,scene_path,timestamp,target_id,target_class_name,target_x,target_y,target_velocity,radius,grid_size,cell_size,total_neighbors_within_radius,map_label_id,map_label_name,is_crosswalk,is_sidewalk,is_road,is_bikelane,nearest_map_dist,cell_0_count,cell_0_sum_velocity,cell_0_mean_velocity,cell_0_min_distance,cell_0_ped_count,cell_0_vehicle_count,cell_0_vru_count,cell_1_count,cell_1_sum_velocity,cell_1_mean_velocity,cell_1_min_distance,cell_1_ped_count,cell_1_vehicle_count,cell_1_vru_count,cell_2_count,cell_2_sum_velocity,cell_2_mean_velocity,cell_2_min_distance,cell_2_ped_count,cell_2_vehicle_count,cell_2_vru_count,cell_3_count,cell_3_sum_velocity,cell_3_mean_velocity,cell_3_min_distance,cell_3_ped_count,cell_3_vehicle_count,cell_3_vru_count,cell_4_count,cell_4_sum_velocity,cell_4_mean_velocity,cell_4_min_distance,cell_4_ped_count,cell_4_vehicle_count,cell_4_vru_count,cell_5_count,cell_5_sum_velocity,cell_5_mean_velocity,cell_5_min_distance,cell_5_ped_count,cell_5_vehicle_count,cell_5_vru_count,cell_6_count,cell_6_sum_velocity,cell_6_mean_velocity,cell_6_min_distance,cell_6_ped_count,cell_6_vehicle_count,cell_6_vru_count,cell_7_count,cell_7_sum_velocity,cell_7_mean_velocity,cell_7_min_distance,cell_7_ped_count,cell_7_vehicle_count,cell_7_vru_count,cell_8_count,cell_8_sum_velocity,cell_8_mean_velocity,cell_8_min_distance,cell_8_ped_count,cell_8_vehicle_count,cell_8_vru_count
0000,0000_20230322_081506,1679472951040035,000,person,-1.901631,2.052848,1.291396,5.0,3,3.333333,0,1,sidewalk,0,1,0,0,9.6e-05,0,0.0,0.0,0.0,0,0,0,0,0.0,0.0,0.0,0,0,0,0,0.0,0.0,0.0,0,0,0,0,0.0,0.0,0.0,0,0,0,0,0.0,0.0,0.0,0,0,0,0,0.0,0.0,0.0,0,0,0,0,0.0,0.0,0.0,0,0,0,0,0.0,0.0,0.0,0,0,0,0,0.0,0.0,0.0,0,0,0
0001,0000_20230322_081506,1679472925960035,002,person,10.348255,15.950742,4.546872,5.0,3,3.333333,1,1,sidewalk,0,1,0,0,0.024111,0,0.0,0.0,0.0,0,0,0,0,0.0,0.0,0.0,0,0,0,0,0.0,0.0,0.0,0,0,0,0,0.0,0.0,0.0,0,0,0,1,0.577696,0.577696,0.929277,0,0,1,0,0.0,0.0,0.0,0,0,0,0,0.0,0.0,0.0,0,0,0,0,0.0,0.0,0.0,0,0,0,0,0.0,0.0,0.0,0,0,0
0002,0000_20230322_081506,1679472929960035,003,person,-3.75229,-4.270228,6.061613,5.0,3,3.333333,0,1,sidewalk,0,1,0,0,0.035547,0,0.0,0.0,0.0,0,0,0,0,0.0,0.0,0.0,0,0,0,0,0.0,0.0,0.0,0,0,0,0,0.0,0.0,0.0,0,0,0,0,0.0,0.0,0.0,0,0,0,0,0.0,0.0,0.0,0,0,0,0,0.0,0.0,0.0,0,0,0,0,0.0,0.0,0.0,0,0,0,0,0.0,0.0,0.0,0,0,0
0004,0001_20230322_083454,1679474128520035,000,person,-1.760483,1.000899,0.05795,5.0,3,3.333333,4,1,sidewalk,0,1,0,0,0.049514,0,0.0,0.0,0.0,0,0,0,0,0.0,0.0,0.0,0,0,0,0,0.0,0.0,0.0,0,0,0,0,0.0,0.0,0.0,0,0,0,2,0.184561,0.092281,0.804954,1,0,2,1,0.108727,0.108727,1.735825,1,0,1,0,0.0,0.0,0.0,0,0,0,1,0.067906,0.067906,1.909322,1,0,1,0,0.0,0.0,0.0,0,0,0
0005,0001_20230322_083454,1679474127040035,001,person,-2.603697,2.699683,0.061104,5.0,3,3.333333,4,1,sidewalk,0,1,0,0,0.022186,0,0.0,0.0,0.0,0,0,0,3,0.232136,0.077379,1.904971,2,0,3,1,0.067773,0.067773,3.298122,1,0,1,0,0.0,0.0,0.0,0,0,0,0,0.0,0.0,0.0,0,0,0,0,0.0,0.0,0.0,0,0,0,0,0.0,0.0,0.0,0,0,0,0,0.0,0.0,0.0,0,0,0,0,0.0,0.0,0.0,0,0,0
0006,0001_20230322_083454,1679474140080035,002,person,-1.946337,-0.598976,0.034496,5.0,3,3.333333,3,1,sidewalk,0,1,0,0,0.015789,0,0.0,0.0,0.0,0,0,0,0,0.0,0.0,0.0,0,0,0,0,0.0,0.0,0.0,0,0,0,0,0.0,0.0,0.0,0,0,0,1,0.050869,0.050869,1.633077,1,0,1,1,0.06249,0.06249,2.249117,1,0,1,0,0.0,0.0,0.0,0,0,0,1,0.104263,0.104263,3.374602,1,0,1,0,0.0,0.0,0.0,0,0,0
0007,0001_20230322_083454,1679474137160035,003,person,0.021173,0.493501,0.074956,5.0,3,3.333333,4,1,sidewalk,0,1,0,0,0.015469,0,0.0,0.0,0.0,0,0,0,0,0.0,0.0,0.0,0,0,0,0,0.0,0.0,0.0,0,0,0,3,4.973373,1.657791,1.980843,3,0,3,0,0.0,0.0,0.0,0,0,0,0,0.0,0.0,0.0,0,0,0,1,0.077008,0.077008,3.41478,1,0,1,0,0.0,0.0,0.0,0,0,0,0,0.0,0.0,0.0,0,0,0
0008,0001_20230322_083454,1679474145640035,004,person,9.324555,15.696148,4.025344,5.0,3,3.333333,0,1,sidewalk,0,1,0,0,0.017969,0,0.0,0.0,0.0,0,0,0,0,0.0,0.0,0.0,0,0,0,0,0.0,0.0,0.0,0,0,0,0,0.0,0.0,0.0,0,0,0,0,0.0,0.0,0.0,0,0,0,0,0.0,0.0,0.0,0,0,0,0,0.0,0.0,0.0,0,0,0,0,0.0,0.0,0.0,0,0,0,0,0.0,0.0,0.0,0,0,0
0009,0001_20230322_083454,1679474140240035,005,person,-5.2692,3.627938,3.985939,5.0,3,3.333333,2,1,sidewalk,0,1,0,0,0.011507,0,0.0,0.0,0.0,0,0,0,0,0.0,0.0,0.0,0,0,0,1,0.052394,0.052394,4.355698,1,0,1,0,0.0,0.0,0.0,0,0,0,0,0.0,0.0,0.0,0,0,0,1,0.103141,0.103141,2.857554,1,0,1,0,0.0,0.0,0.0,0,0,0,0,0.0,0.0,0.0,0,0,0,0,0.0,0.0,0.0,0,0,0
0010,0001_20230322_083454,1679474109920035,006,person,10.002741,16.758255,4.569251,5.0,3,3.333333,0,1,sidewalk,0,1,0,0,0.007064,0,0.0,0.0,0.0,0,0,0,0,0.0,0.0,0.0,0,0,0,0,0.0,0.0,0.0,0,0,0,0,0.0,0.0,0.0,0,0,0,0,0.0,0.0,0.0,0,0,0,0,0.0,0.0,0.0,0,0,0,0,0.0,0.0,0.0,0,0,0,0,0.0,0.0,0.0,0,0,0,0,0.0,0.0,0.0,0,0,0
0011,0001_20230322_083454,1679474151920035,007,person,1.636688,3.810689,6.47855,5.0,3,3.333333,3,5,crosswalk,1,0,0,0,0.019834,1,6.087727,6.087727,4.947621,1,0,1,0,0.0,0.0,0.0,0,0,0,0,0.0,0.0,0.0,0,0,0,0,0.0,0.0,0.0,0,0,0,0,0.0,0.0,0.0,0,0,0,0,0.0,0.0,0.0,0,0,0,0,0.0,0.0,0.0,0,0,0,1,6.001061,6.001061,4.275329,1,0,1,1,5.929084,5.929084,4.881876,1,0,1
0013,0001_20230322_083454,1679474158480035,009,person,0.181906,-4.287235,1.844046,5.0,3,3.333333,2,1,sidewalk,0,1,0,0,0.034012,0,0.0,0.0,0.0,0,0,0,0,0.0,0.0,0.0,0,0,0,0,0.0,0.0,0.0,0,0,0,0,0.0,0.0,0.0,0,0,0,1,1.129996,1.129996,1.278461,1,0,1,0,0.0,0.0,0.0,0,0,0,0,0.0,0.0,0.0,0,0,0,1,2.821161,2.821161,3.740182,1,0,1,0,0.0,0.0,0.0,0,0,0
0014,0001_20230322_083454,1679474108120035,010,person,4.301937,-5.696201,5.112512,5.0,3,3.333333,0,5,crosswalk,1,0,0,0,0.012582,0,0.0,0.0,0.0,0,0,0,0,0.0,0.0,0.0,0,0,0,0,0.0,0.0,0.0,0,0,0,0,0.0,0.0,0.0,0,0,0,0,0.0,0.0,0.0,0,0,0,0,0.0,0.0,0.0,0,0,0,0,0.0,0.0,0.0,0,0,0,0,0.0,0.0,0.0,0,0,0,0,0.0,0.0,0.0,0,0,0
0015,0001_20230322_083454,1679474105200035,011,person,4.166569,20.750358,5.309771,5.0,3,3.333333,0,1,sidewalk,0,1,0,0,0.022592,0,0.0,0.0,0.0,0,0,0,0,0.0,0.0,0.0,0,0,0,0,0.0,0.0,0.0,0,0,0,0,0.0,0.0,0.0,0,0,0,0,0.0,0.0,0.0,0,0,0,0,0.0,0.0,0.0,0,0,0,0,0.0,0.0,0.0,0,0,0,0,0.0,0.0,0.0,0,0,0,0,0.0,0.0,0.0,0,0,0
0016,0001_20230322_083454,1679474109240035,012,person,-1.745328,28.264101,4.505658,5.0,3,3.333333,1,1,sidewalk,0,1,0,0,0.076543,0,0.0,0.0,0.0,0,0,0,0,0.0,0.0,0.0,0,0,0,1,5.58285,5.58285,4.239259,1,0,1,0,0.0,0.0,0.0,0,0,0,0,0.0,0.0,0.0,0,0,0,0,0.0,0.0,0.0,0,0,0,0,0.0,0.0,0.0,0,0,0,0,0.0,0.0,0.0,0,0,0,0,0.0,0.0,0.0,0,0,0
0017,0001_20230322_083454,1679474128200035,013,person,-1.1426,0.48653,0.054433,5.0,3,3.333333,6,1,sidewalk,0,1,0,0,0.041503,0,0.0,0.0,0.0,0,0,0,0,0.0,0.0,0.0,0,0,0,2,10.220708,5.110354,4.916083,2,0,2,0,0.0,0.0,0.0,0,0,0,3,0.341045,0.113682,0.79994,2,0,3,0,0.0,0.0,0.0,0,0,0,0,0.0,0.0,0.0,0,0,0,1,0.047184,0.047184,2.665752,1,0,1,0,0.0,0.0,0.0,0,0,0
0019,0002_20230322_083625,1679474215760035,000,person,-2.00797,1.87974,0.04209,5.0,3,3.333333,1,1,sidewalk,0,1,0,0,0.035513,0,0.0,0.0,0.0,0,0,0,0,0.0,0.0,0.0,0,0,0,0,0.0,0.0,0.0,0,0,0,1,4.97147,4.97147,4.034089,1,0,1,0,0.0,0.0,0.0,0,0,0,0,0.0,0.0,0.0,0,0,0,0,0.0,0.0,0.0,0,0,0,0,0.0,0.0,0.0,0,0,0,0,0.0,0.0,0.0,0,0,0
0020,0002_20230322_083625,1679474206080035,001,person,-1.869573,0.087663,4.494972,5.0,3,3.333333,1,1,sidewalk,0,1,0,0,0.019214,0,0.0,0.0,0.0,0,0,0,0,0.0,0.0,0.0,0,0,0,0,0.0,0.0,0.0,0,0,0,0,0.0,0.0,0.0,0,0,0,0,0.0,0.0,0.0,0,0,0,0,0.0,0.0,0.0,0,0,0,0,0.0,0.0,0.0,0,0,0,1,0.078808,0.078808,1.850334,1,0,1,0,0.0,0.0,0.0,0,0,0
0021,0002_20230322_083625,1679474226960035,003,person,-0.356291,1.15956,0.240999,5.0,3,3.333333,1,1,sidewalk,0,1,0,0,0.018211,0,0.0,0.0,0.0,0,0,0,0,0.0,0.0,0.0,0,0,0,0,0.0,0.0,0.0,0,0,0,1,0.065618,0.065618,1.908922,1,0,1,0,0.0,0.0,0.0,0,0,0,0,0.0,0.0,0.0,0,0,0,0,0.0,0.0,0.0,0,0,0,0,0.0,0.0,0.0,0,0,0,0,0.0,0.0,0.0,0,0,0
0022,0002_20230322_083625,1679474232920035,004,person,-6.521233,-7.899992,4.627599,5.0,3,3.333333,1,1,sidewalk,0,1,0,0,0.058197,0,0.0,0.0,0.0,0,0,0,0,0.0,0.0,0.0,0,0,0,0,0.0,0.0,0.0,0,0,0,0,0.0,0.0,0.0,0,0,0,1,2.365471,2.365471,0.422377,1,0,1,0,0.0,0.0,0.0,0,0,0,0,0.0,0.0,0.0,0,0,0,0,0.0,0.0,0.0,0,0,0,0,0.0,0.0,0.0,0,0,0
0023,0002_20230322_083625,1679474233920035,005,person,-6.350585,-6.805323,3.069624,5.0,3,3.333333,1,1,sidewalk,0,1,0,0,0.079465,0,0.0,0.0,0.0,0,0,0,0,0.0,0.0,0.0,0,0,0,0,0.0,0.0,0.0,0,0,0,0,0.0,0.0,0.0,0,0,0,1,4.269989,4.269989,0.811677,1,0,1,0,0.0,0.0,0.0,0,0,0,0,0.0,0.0,0.0,0,0,0,0,0.0,0.0,0.0,0,0,0,0,0.0,0.0,0.0,0,0,0
0024,0002_20230322_083625,1679474191360035,006,person,9.759788,-9.667697,5.087537,5.0,3,3.333333,1,5,crosswalk,1,0,0,0,0.015058,0,0.0,0.0,0.0,0,0,0,0,0.0,0.0,0.0,0,0,0,1,4.579095,4.579095,2.780221,0,0,1,0,0.0,0.0,0.0,0,0,0,0,0.0,0.0,0.0,0,0,0,0,0.0,0.0,0.0,0,0,0,0,0.0,0.0,0.0,0,0,0,0,0.0,0.0,0.0,0,0,0,0,0.0,0.0,0.0,0,0,0
0026,0003_20230322_083935,1679474406000035,000,person,-1.837949,1.956325,0.47736,5.0,3,3.333333,0,1,sidewalk,0,1,0,0,0.017436,0,0.0,0.0,0.0,0,0,0,0,0.0,0.0,0.0,0,0,0,0,0.0,0.0,0.0,0,0,0,0,0.0,0.0,0.0,0,0,0,0,0.0,0.0,0.0,0,0,0,0,0.0,0.0,0.0,0,0,0,0,0.0,0.0,0.0,0,0,0,0,0.0,0.0,0.0,0,0,0,0,0.0,0.0,0.0,0,0,0
0027,0003_20230322_083935,1679474421440035,002,person,2.024535,5.694636,6.151868,5.0,3,3.333333,0,5,crosswalk,1,0,0,0,0.027981,0,0.0,0.0,0.0,0,0,0,0,0.0,0.0,0.0,0,0,0,0,0.0,0.0,0.0,0,0,0,0,0.0,0.0,0.0,0,0,0,0,0.0,0.0,0.0,0,0,0,0,0.0,0.0,0.0,0,0,0,0,0.0,0.0,0.0,0,0,0,0,0.0,0.0,0.0,0,0,0,0,0.0,0.0,0.0,0,0,0
0028,0003_20230322_083935,1679474424840035,003,person,10.075792,-10.476671,0.102899,5.0,3,3.333333,1,1,sidewalk,0,1,0,0,0.022082,0,0.0,0.0,0.0,0,0,0,0,0.0,0.0,0.0,0,0,0,0,0.0,0.0,0.0,0,0,0,0,0.0,0.0,0.0,0,0,0,1,0.273908,0.273908,0.39298,1,0,1,0,0.0,0.0,0.0,0,0,0,0,0.0,0.0,0.0,0,0,0,0,0.0,0.0,0.0,0,0,0,0,0.0,0.0,0.0,0,0,0
0029,0003_20230322_083935,1679474426400035,004,person,6.558072,8.160094,6.48071,5.0,3,3.333333,2,5,crosswalk,1,0,0,0,0.032336,0,0.0,0.0,0.0,0,0,0,0,0.0,0.0,0.0,0,0,0,0,0.0,0.0,0.0,0,0,0,0,0.0,0.0,0.0,0,0,0,0,0.0,0.0,0.0,0,0,0,0,0.0,0.0,0.0,0,0,0,0,0.0,0.0,0.0,0,0,0,2,13.330024,6.665012,3.712814,2,0,2,0,0.0,0.0,0.0,0,0,0
0030,0003_20230322_083935,1679474426080035,007,person,19.878568,15.682279,0.344217,5.0,3,3.333333,1,0,road,0,0,1,0,0.018233,0,0.0,0.0,0.0,0,0,0,0,0.0,0.0,0.0,0,0,0,0,0.0,0.0,0.0,0,0,0,0,0.0,0.0,0.0,0,0,0,1,0.143193,0.143193,2.176507,0,1,0,0,0.0,0.0,0.0,0,0,0,0,0.0,0.0,0.0,0,0,0,0,0.0,0.0,0.0,0,0,0,0,0.0,0.0,0.0,0,0,0
0031,0004_20230322_084251,1679474596640035,000,person,-4.245382,1.991517,1.590695,5.0,3,3.333333,2,1,sidewalk,0,1,0,0,0.049785,0,0.0,0.0,0.0,0,0,0,0,0.0,0.0,0.0,0,0,0,0,0.0,0.0,0.0,0,0,0,0,0.0,0.0,0.0,0,0,0,0,0.0,0.0,0.0,0,0,0,1,5.291913,5.291913,4.12197,1,0,1,0,0.0,0.0,0.0,0,0,0,0,0.0,0.0,0.0,0,0,0,1,6.250866,6.250866,3.583051,1,0,1
0032,0004_20230322_084251,1679474595240035,001,person,9.541059,16.577176,0.203564,5.0,3,3.333333,0,1,sidewalk,0,1,0,0,0.019867,0,0.0,0.0,0.0,0,0,0,0,0.0,0.0,0.0,0,0,0,0,0.0,0.0,0.0,0,0,0,0,0.0,0.0,0.0,0,0,0,0,0.0,0.0,0.0,0,0,0,0,0.0,0.0,0.0,0,0,0,0,0.0,0.0,0.0,0,0,0,0,0.0,0.0,0.0,0,0,0,0,0.0,0.0,0.0,0,0,0
0033,0004_20230322_084251,1679474594480035,002,person,-0.876967,1.055991,3.189464,5.0,3,3.333333,4,1,sidewalk,0,1,0,0,0.001858,0,0.0,0.0,0.0,0,0,0,1,2.108504,2.108504,2.771176,1,0,1,0,0.0,0.0,0.0,0,0,0,2,0.560339,0.28017,2.763072,2,0,2,1,4.157682,4.157682,1.136747,1,0,1,0,0.0,0.0,0.0,0,0,0,0,0.0,0.0,0.0,0,0,0,0,0.0,0.0,0.0,0,0,0,0,0.0,0.0,0.0,0,0,0
0034,0004_20230322_084251,1679474593880035,003,person,-1.418575,-1.898329,0.685244,5.0,3,3.333333,3,1,sidewalk,0,1,0,0,0.007843,0,0.0,0.0,0.0,0,0,0,0,0.0,0.0,0.0,0,0,0,0,0.0,0.0,0.0,0,0,0,0,0.0,0.0,0.0,0,0,0,0,0.0,0.0,0.0,0,0,0,0,0.0,0.0,0.0,0,0,0,1,0.162462,0.162462,4.861626,1,0,1,2,2.762921,1.38146,2.734697,2,0,2,0,0.0,0.0,0.0,0,0,0
0035,0004_20230322_084251,1679474593040035,004,person,-3.156431,2.663859,0.121067,5.0,3,3.333333,4,1,sidewalk,0,1,0,0,0.032633,0,0.0,0.0,0.0,0,0,0,0,0.0,0.0,0.0,0,0,0,2,0.361762,0.180881,2.768764,2,0,2,0,0.0,0.0,0.0,0,0,0,2,0.306126,0.153063,1.397987,2,0,2,0,0.0,0.0,0.0,0,0,0,0,0.0,0.0,0.0,0,0,0,0,0.0,0.0,0.0,0,0,0,0,0.0,0.0,0.0,0,0,0
0036,0004_20230322_084251,1679474590840035,005,person,-1.621847,1.408489,0.013738,5.0,3,3.333333,4,1,sidewalk,0,1,0,0,0.036487,0,0.0,0.0,0.0,0,0,0,1,0.157499,0.157499,3.29098,1,0,1,0,0.0,0.0,0.0,0,0,0,1,0.249306,0.249306,2.990012,1,0,1,2,0.25399,0.126995,0.792991,2,0,2,0,0.0,0.0,0.0,0,0,0,0,0.0,0.0,0.0,0,0,0,0,0.0,0.0,0.0,0,0,0,0,0.0,0.0,0.0,0,0,0
0037,0004_20230322_084251,1679474617280035,006,person,33.442685,3.013684,5.945395,5.0,3,3.333333,1,1,sidewalk,0,1,0,0,0.053097,0,0.0,0.0,0.0,0,0,0,0,0.0,0.0,0.0,0,0,0,0,0.0,0.0,0.0,0,0,0,0,0.0,0.0,0.0,0,0,0,0,0.0,0.0,0.0,0,0,0,0,0.0,0.0,0.0,0,0,0,0,0.0,0.0,0.0,0,0,0,1,0.27126,0.27126,4.382251,0,1,0,0,0.0,0.0,0.0,0,0,0
0039,0005_20230322_084431,1679474689720035,000,person,2.388136,7.325074,5.321472,5.0,3,3.333333,3,5,crosswalk,1,0,0,0,0.020326,0,0.0,0.0,0.0,0,0,0,1,4.798929,4.798929,2.456574,1,0,1,0,0.0,0.0,0.0,0,0,0,0,0.0,0.0,0.0,0,0,0,1,4.973112,4.973112,0.696487,1,0,1,1,5.725691,5.725691,2.429334,1,0,1,0,0.0,0.0,0.0,0,0,0,0,0.0,0.0,0.0,0,0,0,0,0.0,0.0,0.0,0,0,0
0040,0005_20230322_084431,1679474688880035,001,person,0.632074,4.317266,4.781096,5.0,3,3.333333,3,5,crosswalk,1,0,0,0,0.018375,0,0.0,0.0,0.0,0,0,0,0,0.0,0.0,0.0,0,0,0,0,0.0,0.0,0.0,0,0,0,0,0.0,0.0,0.0,0,0,0,0,0.0,0.0,0.0,0,0,0,1,5.559569,5.559569,3.016842,1,0,1,0,0.0,0.0,0.0,0,0,0,2,9.80916,4.90458,2.2912,2,0,2,0,0.0,0.0,0.0,0,0,0
0041,0005_20230322_084431,1679474687000035,002,person,1.697258,2.56427,6.189319,5.0,3,3.333333,3,5,crosswalk,1,0,0,0,0.051948,0,0.0,0.0,0.0,0,0,0,0,0.0,0.0,0.0,0,0,0,0,0.0,0.0,0.0,0,0,0,1,5.338121,5.338121,2.885104,1,0,1,0,0.0,0.0,0.0,0,0,0,0,0.0,0.0,0.0,0,0,0,1,6.087042,6.087042,2.64741,1,0,1,1,5.052809,5.052809,1.927408,1,0,1,0,0.0,0.0,0.0,0,0,0
0042,0005_20230322_084431,1679474694680035,004,person,26.092328,8.980411,0.116627,5.0,3,3.333333,0,1,sidewalk,0,1,0,0,0.020176,0,0.0,0.0,0.0,0,0,0,0,0.0,0.0,0.0,0,0,0,0,0.0,0.0,0.0,0,0,0,0,0.0,0.0,0.0,0,0,0,0,0.0,0.0,0.0,0,0,0,0,0.0,0.0,0.0,0,0,0,0,0.0,0.0,0.0,0,0,0,0,0.0,0.0,0.0,0,0,0,0,0.0,0.0,0.0,0,0,0
0043,0005_20230322_084431,1679474683160035,005,person,4.343047,21.908143,5.652858,5.0,3,3.333333,0,1,sidewalk,0,1,0,0,0.031083,0,0.0,0.0,0.0,0,0,0,0,0.0,0.0,0.0,0,0,0,0,0.0,0.0,0.0,0,0,0,0,0.0,0.0,0.0,0,0,0,0,0.0,0.0,0.0,0,0,0,0,0.0,0.0,0.0,0,0,0,0,0.0,0.0,0.0,0,0,0,0,0.0,0.0,0.0,0,0,0,0,0.0,0.0,0.0,0,0,0
0044,0005_20230322_084431,1679474693320035,006,person,6.726579,10.35946,4.989495,5.0,3,3.333333,3,5,crosswalk,1,0,0,0,0.031073,0,0.0,0.0,0.0,0,0,0,1,5.846574,5.846574,2.436966,1,0,1,0,0.0,0.0,0.0,0,0,0,0,0.0,0.0,0.0,0,0,0,2,10.899612,5.449806,0.872985,2,0,2,0,0.0,0.0,0.0,0,0,0,0,0.0,0.0,0.0,0,0,0,0,0.0,0.0,0.0,0,0,0,0,0.0,0.0,0.0,0,0,0
0045,0006_20230322_113007,1679484644000035,000,person,10.91712,16.41692,0.296799,5.0,3,3.333333,2,1,sidewalk,0,1,0,0,0.01534,0,0.0,0.0,0.0,0,0,0,0,0.0,0.0,0.0,0,0,0,0,0.0,0.0,0.0,0,0,0,0,0.0,0.0,0.0,0,0,0,2,0.391703,0.195852,0.370858,2,0,2,0,0.0,0.0,0.0,0,0,0,0,0.0,0.0,0.0,0,0,0,0,0.0,0.0,0.0,0,0,0,0,0.0,0.0,0.0,0,0,0
0046,0006_20230322_113007,1679484652680035,001,person,10.525095,16.509356,0.138948,5.0,3,3.333333,2,1,sidewalk,0,1,0,0,0.023382,0,0.0,0.0,0.0,0,0,0,0,0.0,0.0,0.0,0,0,0,0,0.0,0.0,0.0,0,0,0,0,0.0,0.0,0.0,0,0,0,2,1.223847,0.611923,0.217141,2,0,2,0,0.0,0.0,0.0,0,0,0,0,0.0,0.0,0.0,0,0,0,0,0.0,0.0,0.0,0,0,0,0,0.0,0.0,0.0,0,0,0
0047,0006_20230322_113007,1679484649080035,002,person,-3.144474,3.499617,0.165109,5.0,3,3.333333,1,1,sidewalk,0,1,0,0,0.011505,0,0.0,0.0,0.0,0,0,0,0,0.0,0.0,0.0,0,0,0,0,0.0,0.0,0.0,0,0,0,0,0.0,0.0,0.0,0,0,0,1,0.031971,0.031971,1.168327,1,0,1,0,0.0,0.0,0.0,0,0,0,0,0.0,0.0,0.0,0,0,0,0,0.0,0.0,0.0,0,0,0,0,0.0,0.0,0.0,0,0,0
0048,0006_20230322_113007,1679484655440035,003,person,-2.366154,2.692929,0.118377,5.0,3,3.333333,1,1,sidewalk,0,1,0,0,0.013759,0,0.0,0.0,0.0,0,0,0,0,0.0,0.0,0.0,0,0,0,0,0.0,0.0,0.0,0,0,0,0,0.0,0.0,0.0,0,0,0,1,0.058515,0.058515,1.146583,1,0,1,0,0.0,0.0,0.0,0,0,0,0,0.0,0.0,0.0,0,0,0,0,0.0,0.0,0.0,0,0,0,0,0.0,0.0,0.0,0,0,0
0049,0006_20230322_113007,1679484656920035,004,person,11.595287,14.659653,1.435973,5.0,3,3.333333,3,1,sidewalk,0,1,0,0,0.024535,0,0.0,0.0,0.0,0,0,0,0,0.0,0.0,0.0,0,0,0,0,0.0,0.0,0.0,0,0,0,0,0.0,0.0,0.0,0,0,0,1,0.258377,0.258377,1.768858,1,0,1,1,2.76968,2.76968,2.292169,1,0,1,0,0.0,0.0,0.0,0,0,0,1,0.05938,0.05938,2.105806,1,0,1,0,0.0,0.0,0.0,0,0,0
0050,0006_20230322_113007,1679484665360035,005,person,7.458205,10.083968,5.718863,5.0,3,3.333333,4,5,crosswalk,1,0,0,0,0.062569,0,0.0,0.0,0.0,0,0,0,0,0.0,0.0,0.0,0,0,0,0,0.0,0.0,0.0,0,0,0,1,5.724803,5.724803,1.83921,1,0,1,3,23.102284,7.700761,1.082321,3,0,3,0,0.0,0.0,0.0,0,0,0,0,0.0,0.0,0.0,0,0,0,0,0.0,0.0,0.0,0,0,0,0,0.0,0.0,0.0,0,0,0
0051,0006_20230322_113007,1679484620200035,006,person,4.687101,-5.990006,5.241323,5.0,3,3.333333,0,5,crosswalk,1,0,0,0,0.033201,0,0.0,0.0,0.0,0,0,0,0,0.0,0.0,0.0,0,0,0,0,0.0,0.0,0.0,0,0,0,0,0.0,0.0,0.0,0,0,0,0,0.0,0.0,0.0,0,0,0,0,0.0,0.0,0.0,0,0,0,0,0.0,0.0,0.0,0,0,0,0,0.0,0.0,0.0,0,0,0,0,0.0,0.0,0.0,0,0,0
0052,0006_20230322_113007,1679484670560035,007,person,6.797488,10.023417,5.694635,5.0,3,3.333333,2,5,crosswalk,1,0,0,0,0.027835,0,0.0,0.0,0.0,0,0,0,0,0.0,0.0,0.0,0,0,0,0,0.0,0.0,0.0,0,0,0,0,0.0,0.0,0.0,0,0,0,0,0.0,0.0,0.0,0,0,0,0,0.0,0.0,0.0,0,0,0,0,0.0,0.0,0.0,0,0,0,0,0.0,0.0,0.0,0,0,0,2,13.244768,6.622384,4.765566,2,0,2
0053,0006_20230322_113007,1679484614680035,009,person,10.883547,16.064913,0.598822,5.0,3,3.333333,2,1,sidewalk,0,1,0,0,0.02816,0,0.0,0.0,0.0,0,0,0,1,31.079773,31.079773,3.984161,0,1,0,0,0.0,0.0,0.0,0,0,0,0,0.0,0.0,0.0,0,0,0,1,0.978747,0.978747,0.539958,1,0,1,0,0.0,0.0,0.0,0,0,0,0,0.0,0.0,0.0,0,0,0,0,0.0,0.0,0.0,0,0,0,0,0.0,0.0,0.0,0,0,0
0054,0006_20230322_113007,1679484641720035,010,person,12.188902,-11.626091,4.746923,5.0,3,3.333333,0,1,sidewalk,0,1,0,0,0.019102,0,0.0,0.0,0.0,0,0,0,0,0.0,0.0,0.0,0,0,0,0,0.0,0.0,0.0,0,0,0,0,0.0,0.0,0.0,0,0,0,0,0.0,0.0,0.0,0,0,0,0,0.0,0.0,0.0,0,0,0,0,0.0,0.0,0.0,0,0,0,0,0.0,0.0,0.0,0,0,0,0,0.0,0.0,0.0,0,0,0
0055,0006_20230322_113007,1679484669720035,011,person,-1.397958,0.226709,8.347825,5.0,3,3.333333,2,1,sidewalk,0,1,0,0,0.028731,0,0.0,0.0,0.0,0,0,0,0,0.0,0.0,0.0,0,0,0,0,0.0,0.0,0.0,0,0,0,0,0.0,0.0,0.0,0,0,0,2,15.155105,7.577552,0.62484,2,0,2,0,0.0,0.0,0.0,0,0,0,0,0.0,0.0,0.0,0,0,0,0,0.0,0.0,0.0,0,0,0,0,0.0,0.0,0.0,0,0,0
0057,0007_20230322_114343,1679485465520035,000,person,-2.668381,2.35873,0.049283,5.0,3,3.333333,2,1,sidewalk,0,1,0,0,0.015555,0,0.0,0.0,0.0,0,0,0,0,0.0,0.0,0.0,0,0,0,1,1.561583,1.561583,3.247275,1,0,1,0,0.0,0.0,0.0,0,0,0,1,0.00848,0.00848,2.030014,1,0,1,0,0.0,0.0,0.0,0,0,0,0,0.0,0.0,0.0,0,0,0,0,0.0,0.0,0.0,0,0,0,0,0.0,0.0,0.0,0,0,0
0058,0007_20230322_114343,1679485471280035,001,person,-1.35653,0.753223,0.117231,5.0,3,3.333333,2,1,sidewalk,0,1,0,0,0.015864,0,0.0,0.0,0.0,0,0,0,0,0.0,0.0,0.0,0,0,0,0,0.0,0.0,0.0,0,0,0,0,0.0,0.0,0.0,0,0,0,1,0.278185,0.278185,1.293105,1,0,1,0,0.0,0.0,0.0,0,0,0,0,0.0,0.0,0.0,0,0,0,1,0.115921,0.115921,1.997996,1,0,1,0,0.0,0.0,0.0,0,0,0
0059,0007_20230322_114343,1679485475480035,003,person,-0.166875,-0.117395,0.050683,5.0,3,3.333333,2,1,sidewalk,0,1,0,0,0.012479,0,0.0,0.0,0.0,0,0,0,0,0.0,0.0,0.0,0,0,0,0,0.0,0.0,0.0,0,0,0,0,0.0,0.0,0.0,0,0,0,1,0.050824,0.050824,1.682359,1,0,1,0,0.0,0.0,0.0,0,0,0,1,0.028891,0.028891,3.425935,1,0,1,0,0.0,0.0,0.0,0,0,0,0,0.0,0.0,0.0,0,0,0
0060,0007_20230322_114343,1679485436480035,004,person,1.670775,24.132174,4.670465,5.0,3,3.333333,0,1,sidewalk,0,1,0,0,0.009429,0,0.0,0.0,0.0,0,0,0,0,0.0,0.0,0.0,0,0,0,0,0.0,0.0,0.0,0,0,0,0,0.0,0.0,0.0,0,0,0,0,0.0,0.0,0.0,0,0,0,0,0.0,0.0,0.0,0,0,0,0,0.0,0.0,0.0,0,0,0,0,0.0,0.0,0.0,0,0,0,0,0.0,0.0,0.0,0,0,0
0061,0007_20230322_114343,1679485485680035,005,person,11.306301,14.999294,2.986356,5.0,3,3.333333,3,1,sidewalk,0,1,0,0,0.022957,1,6.88397,6.88397,3.700271,1,0,1,0,0.0,0.0,0.0,0,0,0,1,0.772797,0.772797,4.639681,0,1,0,0,0.0,0.0,0.0,0,0,0,1,1.986295,1.986295,0.558298,1,0,1,0,0.0,0.0,0.0,0,0,0,0,0.0,0.0,0.0,0,0,0,0,0.0,0.0,0.0,0,0,0,0,0.0,0.0,0.0,0,0,0
0062,0007_20230322_114343,1679485485680035,006,person,11.335656,15.55682,1.986295,5.0,3,3.333333,2,1,sidewalk,0,1,0,0,0.013556,1,6.88397,6.88397,4.186578,1,0,1,0,0.0,0.0,0.0,0,0,0,0,0.0,0.0,0.0,0,0,0,0,0.0,0.0,0.0,0,0,0,1,2.986356,2.986356,0.558298,1,0,1,0,0.0,0.0,0.0,0,0,0,0,0.0,0.0,0.0,0,0,0,0,0.0,0.0,0.0,0,0,0,0,0.0,0.0,0.0,0,0,0
0064,0008_20230322_114623,1679485650080035,000,person,-2.61245,3.293048,0.206655,5.0,3,3.333333,1,1,sidewalk,0,1,0,0,0.050374,0,0.0,0.0,0.0,0,0,0,0,0.0,0.0,0.0,0,0,0,0,0.0,0.0,0.0,0,0,0,0,0.0,0.0,0.0,0,0,0,1,0.052587,0.052587,1.259649,1,0,1,0,0.0,0.0,0.0,0,0,0,0,0.0,0.0,0.0,0,0,0,0,0.0,0.0,0.0,0,0,0,0,0.0,0.0,0.0,0,0,0
0065,0008_20230322_114623,1679485646320035,002,person,11.337132,16.264576,0.205066,5.0,3,3.333333,1,1,sidewalk,0,1,0,0,0.066139,0,0.0,0.0,0.0,0,0,0,0,0.0,0.0,0.0,0,0,0,0,0.0,0.0,0.0,0,0,0,0,0.0,0.0,0.0,0,0,0,1,0.387259,0.387259,1.440345,1,0,1,0,0.0,0.0,0.0,0,0,0,0,0.0,0.0,0.0,0,0,0,0,0.0,0.0,0.0,0,0,0,0,0.0,0.0,0.0,0,0,0
0066,0008_20230322_114623,1679485665600035,003,person,11.720903,14.844183,0.362953,5.0,3,3.333333,1,1,sidewalk,0,1,0,0,0.013046,0,0.0,0.0,0.0,0,0,0,0,0.0,0.0,0.0,0,0,0,0,0.0,0.0,0.0,0,0,0,0,0.0,0.0,0.0,0,0,0,1,0.191064,0.191064,1.406567,1,0,1,0,0.0,0.0,0.0,0,0,0,0,0.0,0.0,0.0,0,0,0,0,0.0,0.0,0.0,0,0,0,0,0.0,0.0,0.0,0,0,0
0067,0008_20230322_114623,1679485606800035,004,person,0.60754,-3.764593,0.132097,5.0,3,3.333333,0,1,sidewalk,0,1,0,0,0.035706,0,0.0,0.0,0.0,0,0,0,0,0.0,0.0,0.0,0,0,0,0,0.0,0.0,0.0,0,0,0,0,0.0,0.0,0.0,0,0,0,0,0.0,0.0,0.0,0,0,0,0,0.0,0.0,0.0,0,0,0,0,0.0,0.0,0.0,0,0,0,0,0.0,0.0,0.0,0,0,0,0,0.0,0.0,0.0,0,0,0
0068,0008_20230322_114623,1679485687000035,005,person,15.145223,13.891231,0.538062,5.0,3,3.333333,2,1,sidewalk,0,1,0,0,0.023431,0,0.0,0.0,0.0,0,0,0,0,0.0,0.0,0.0,0,0,0,0,0.0,0.0,0.0,0,0,0,0,0.0,0.0,0.0,0,0,0,0,0.0,0.0,0.0,0,0,0,1,0.069592,0.069592,2.666621,1,0,1,0,0.0,0.0,0.0,0,0,0,0,0.0,0.0,0.0,0,0,0,1,0.10584,0.10584,2.446307,1,0,1
0069,0008_20230322_114623,1679485714320035,006,person,23.391887,8.670563,5.39709,5.0,3,3.333333,0,5,crosswalk,1,0,0,0,0.054856,0,0.0,0.0,0.0,0,0,0,0,0.0,0.0,0.0,0,0,0,0,0.0,0.0,0.0,0,0,0,0,0.0,0.0,0.0,0,0,0,0,0.0,0.0,0.0,0,0,0,0,0.0,0.0,0.0,0,0,0,0,0.0,0.0,0.0,0,0,0,0,0.0,0.0,0.0,0,0,0,0,0.0,0.0,0.0,0,0,0
0070,0008_20230322_114623,1679485600000035,007,person,23.575182,11.015845,4.926089,5.0,3,3.333333,0,5,crosswalk,1,0,0,0,0.048677,0,0.0,0.0,0.0,0,0,0,0,0.0,0.0,0.0,0,0,0,0,0.0,0.0,0.0,0,0,0,0,0.0,0.0,0.0,0,0,0,0,0.0,0.0,0.0,0,0,0,0,0.0,0.0,0.0,0,0,0,0,0.0,0.0,0.0,0,0,0,0,0.0,0.0,0.0,0,0,0,0,0.0,0.0,0.0,0,0,0
0071,0008_20230322_114623,1679485718960035,008,person,30.796177,9.219188,0.264728,5.0,3,3.333333,0,1,sidewalk,0,1,0,0,0.012087,0,0.0,0.0,0.0,0,0,0,0,0.0,0.0,0.0,0,0,0,0,0.0,0.0,0.0,0,0,0,0,0.0,0.0,0.0,0,0,0,0,0.0,0.0,0.0,0,0,0,0,0.0,0.0,0.0,0,0,0,0,0.0,0.0,0.0,0,0,0,0,0.0,0.0,0.0,0,0,0,0,0.0,0.0,0.0,0,0,0
0072,0008_20230322_114623,1679485697280035,009,person,22.550783,11.1251,4.399051,5.0,3,3.333333,3,5,crosswalk,1,0,0,0,0.017748,0,0.0,0.0,0.0,0,0,0,0,0.0,0.0,0.0,0,0,0,1,6.182634,6.182634,4.704866,1,0,1,0,0.0,0.0,0.0,0,0,0,2,9.216072,4.608036,0.904684,2,0,2,0,0.0,0.0,0.0,0,0,0,0,0.0,0.0,0.0,0,0,0,0,0.0,0.0,0.0,0,0,0,0,0.0,0.0,0.0,0,0,0
0073,0008_20230322_114623,1679485589360035,010,person,-10.340319,-10.698213,5.420593,5.0,3,3.333333,0,1,sidewalk,0,1,0,0,0.082861,0,0.0,0.0,0.0,0,0,0,0,0.0,0.0,0.0,0,0,0,0,0.0,0.0,0.0,0,0,0,0,0.0,0.0,0.0,0,0,0,0,0.0,0.0,0.0,0,0,0,0,0.0,0.0,0.0,0,0,0,0,0.0,0.0,0.0,0,0,0,0,0.0,0.0,0.0,0,0,0,0,0.0,0.0,0.0,0,0,0
0074,0008_20230322_114623,1679485725440035,011,person,15.398699,-13.967291,5.988368,5.0,3,3.333333,0,1,sidewalk,0,1,0,0,0.032933,0,0.0,0.0,0.0,0,0,0,0,0.0,0.0,0.0,0,0,0,0,0.0,0.0,0.0,0,0,0,0,0.0,0.0,0.0,0,0,0,0,0.0,0.0,0.0,0,0,0,0,0.0,0.0,0.0,0,0,0,0,0.0,0.0,0.0,0,0,0,0,0.0,0.0,0.0,0,0,0,0,0.0,0.0,0.0,0,0,0
0075,0008_20230322_114623,1679485673920035,012,person,6.869677,10.591919,6.231871,5.0,3,3.333333,4,5,crosswalk,1,0,0,0,0.037983,0,0.0,0.0,0.0,0,0,0,2,10.544965,5.272483,2.874221,2,0,2,0,0.0,0.0,0.0,0,0,0,0,0.0,0.0,0.0,0,0,0,2,9.389712,4.694856,0.831708,2,0,2,0,0.0,0.0,0.0,0,0,0,0,0.0,0.0,0.0,0,0,0,0,0.0,0.0,0.0,0,0,0,0,0.0,0.0,0.0,0,0,0
0076,0009_20230322_115403,1679486104720035,000,person,11.331165,16.095831,0.045149,5.0,3,3.333333,0,1,sidewalk,0,1,0,0,0.023324,0,0.0,0.0,0.0,0,0,0,0,0.0,0.0,0.0,0,0,0,0,0.0,0.0,0.0,0,0,0,0,0.0,0.0,0.0,0,0,0,0,0.0,0.0,0.0,0,0,0,0,0.0,0.0,0.0,0,0,0,0,0.0,0.0,0.0,0,0,0,0,0.0,0.0,0.0,0,0,0,0,0.0,0.0,0.0,0,0,0
0077,0009_20230322_115403,1679486093720035,001,person,-3.352962,2.385641,0.14066,5.0,3,3.333333,0,1,sidewalk,0,1,0,0,0.063033,0,0.0,0.0,0.0,0,0,0,0,0.0,0.0,0.0,0,0,0,0,0.0,0.0,0.0,0,0,0,0,0.0,0.0,0.0,0,0,0,0,0.0,0.0,0.0,0,0,0,0,0.0,0.0,0.0,0,0,0,0,0.0,0.0,0.0,0,0,0,0,0.0,0.0,0.0,0,0,0,0,0.0,0.0,0.0,0,0,0
0079,0009_20230322_115403,1679486082200035,003,person,19.594509,-18.175966,0.427958,5.0,3,3.333333,0,1,sidewalk,0,1,0,0,0.110886,0,0.0,0.0,0.0,0,0,0,0,0.0,0.0,0.0,0,0,0,0,0.0,0.0,0.0,0,0,0,0,0.0,0.0,0.0,0,0,0,0,0.0,0.0,0.0,0,0,0,0,0.0,0.0,0.0,0,0,0,0,0.0,0.0,0.0,0,0,0,0,0.0,0.0,0.0,0,0,0,0,0.0,0.0,0.0,0,0,0
0080,0009_20230322_115403,1679486064760035,004,person,20.767773,24.631647,5.296275,5.0,3,3.333333,0,1,sidewalk,0,1,0,0,0.049732,0,0.0,0.0,0.0,0,0,0,0,0.0,0.0,0.0,0,0,0,0,0.0,0.0,0.0,0,0,0,0,0.0,0.0,0.0,0,0,0,0,0.0,0.0,0.0,0,0,0,0,0.0,0.0,0.0,0,0,0,0,0.0,0.0,0.0,0,0,0,0,0.0,0.0,0.0,0,0,0,0,0.0,0.0,0.0,0,0,0
0082,0010_20230322_115554,1679486192800035,000,person,9.067973,16.024669,0.024124,5.0,3,3.333333,1,1,sidewalk,0,1,0,0,0.030701,0,0.0,0.0,0.0,0,0,0,0,0.0,0.0,0.0,0,0,0,0,0.0,0.0,0.0,0,0,0,0,0.0,0.0,0.0,0,0,0,0,0.0,0.0,0.0,0,0,0,1,0.026144,0.026144,3.896666,0,0,1,0,0.0,0.0,0.0,0,0,0,0,0.0,0.0,0.0,0,0,0,0,0.0,0.0,0.0,0,0,0
0083,0010_20230322_115554,1679486177000035,001,person,1.641757,-3.893921,5.33941,5.0,3,3.333333,0,5,crosswalk,1,0,0,0,0.040423,0,0.0,0.0,0.0,0,0,0,0,0.0,0.0,0.0,0,0,0,0,0.0,0.0,0.0,0,0,0,0,0.0,0.0,0.0,0,0,0,0,0.0,0.0,0.0,0,0,0,0,0.0,0.0,0.0,0,0,0,0,0.0,0.0,0.0,0,0,0,0,0.0,0.0,0.0,0,0,0,0,0.0,0.0,0.0,0,0,0
0085,0010_20230322_115554,1679486214680035,004,person,-2.505423,0.146873,5.084421,5.0,3,3.333333,2,1,sidewalk,0,1,0,0,0.080705,0,0.0,0.0,0.0,0,0,0,0,0.0,0.0,0.0,0,0,0,0,0.0,0.0,0.0,0,0,0,0,0.0,0.0,0.0,0,0,0,2,9.392678,4.696339,0.766005,2,0,2,0,0.0,0.0,0.0,0,0,0,0,0.0,0.0,0.0,0,0,0,0,0.0,0.0,0.0,0,0,0,0,0.0,0.0,0.0,0,0,0
0086,0010_20230322_115554,1679486216120035,005,person,-1.982138,-2.352741,4.71866,5.0,3,3.333333,2,1,sidewalk,0,1,0,0,0.047963,0,0.0,0.0,0.0,0,0,0,0,0.0,0.0,0.0,0,0,0,0,0.0,0.0,0.0,0,0,0,0,0.0,0.0,0.0,0,0,0,2,9.497036,4.748518,0.783992,2,0,2,0,0.0,0.0,0.0,0,0,0,0,0.0,0.0,0.0,0,0,0,0,0.0,0.0,0.0,0,0,0,0,0.0,0.0,0.0,0,0,0
0087,0010_20230322_115554,1679486216280035,006,person,-1.330204,-1.475029,4.359973,5.0,3,3.333333,2,1,sidewalk,0,1,0,0,0.021717,0,0.0,0.0,0.0,0,0,0,0,0.0,0.0,0.0,0,0,0,0,0.0,0.0,0.0,0,0,0,0,0.0,0.0,0.0,0,0,0,2,9.878178,4.939089,1.299005,2,0,2,0,0.0,0.0,0.0,0,0,0,0,0.0,0.0,0.0,0,0,0,0,0.0,0.0,0.0,0,0,0,0,0.0,0.0,0.0,0,0,0
0089,0011_20230322_115737,1679486288280035,000,person,10.481148,15.49696,0.072025,5.0,3,3.333333,0,1,sidewalk,0,1,0,0,0.032295,0,0.0,0.0,0.0,0,0,0,0,0.0,0.0,0.0,0,0,0,0,0.0,0.0,0.0,0,0,0,0,0.0,0.0,0.0,0,0,0,0,0.0,0.0,0.0,0,0,0,0,0.0,0.0,0.0,0,0,0,0,0.0,0.0,0.0,0,0,0,0,0.0,0.0,0.0,0,0,0,0,0.0,0.0,0.0,0,0,0
0090,0011_20230322_115737,1679486288000035,001,person,-1.246821,1.952882,0.130377,5.0,3,3.333333,0,1,sidewalk,0,1,0,0,0.024521,0,0.0,0.0,0.0,0,0,0,0,0.0,0.0,0.0,0,0,0,0,0.0,0.0,0.0,0,0,0,0,0.0,0.0,0.0,0,0,0,0,0.0,0.0,0.0,0,0,0,0,0.0,0.0,0.0,0,0,0,0,0.0,0.0,0.0,0,0,0,0,0.0,0.0,0.0,0,0,0,0,0.0,0.0,0.0,0,0,0
0091,0011_20230322_115737,1679486277800035,002,person,-3.684397,-3.60183,3.392997,5.0,3,3.333333,1,1,sidewalk,0,1,0,0,0.042777,0,0.0,0.0,0.0,0,0,0,0,0.0,0.0,0.0,0,0,0,0,0.0,0.0,0.0,0,0,0,0,0.0,0.0,0.0,0,0,0,1,3.033755,3.033755,0.644273,1,0,1,0,0.0,0.0,0.0,0,0,0,0,0.0,0.0,0.0,0,0,0,0,0.0,0.0,0.0,0,0,0,0,0.0,0.0,0.0,0,0,0
0092,0011_20230322_115737,1679486308280035,003,person,9.871012,-11.115963,0.108416,5.0,3,3.333333,0,1,sidewalk,0,1,0,0,0.033257,0,0.0,0.0,0.0,0,0,0,0,0.0,0.0,0.0,0,0,0,0,0.0,0.0,0.0,0,0,0,0,0.0,0.0,0.0,0,0,0,0,0.0,0.0,0.0,0,0,0,0,0.0,0.0,0.0,0,0,0,0,0.0,0.0,0.0,0,0,0,0,0.0,0.0,0.0,0,0,0,0,0.0,0.0,0.0,0,0,0
0093,0011_20230322_115737,1679486274720035,004,person,1.723488,-5.693597,5.212241,5.0,3,3.333333,0,5,crosswalk,1,0,0,0,0.045881,0,0.0,0.0,0.0,0,0,0,0,0.0,0.0,0.0,0,0,0,0,0.0,0.0,0.0,0,0,0,0,0.0,0.0,0.0,0,0,0,0,0.0,0.0,0.0,0,0,0,0,0.0,0.0,0.0,0,0,0,0,0.0,0.0,0.0,0,0,0,0,0.0,0.0,0.0,0,0,0,0,0.0,0.0,0.0,0,0,0
0094,0011_20230322_115737,1679486272680035,005,person,25.193313,10.364862,5.498617,5.0,3,3.333333,1,5,crosswalk,1,0,0,0,0.016084,0,0.0,0.0,0.0,0,0,0,0,0.0,0.0,0.0,0,0,0,0,0.0,0.0,0.0,0,0,0,0,0.0,0.0,0.0,0,0,0,1,5.32864,5.32864,0.587977,1,0,1,0,0.0,0.0,0.0,0,0,0,0,0.0,0.0,0.0,0,0,0,0,0.0,0.0,0.0,0,0,0,0,0.0,0.0,0.0,0,0,0
0096,0011_20230322_115737,1679486273760035,007,person,-1.658623,-0.603752,3.029767,5.0,3,3.333333,3,1,sidewalk,0,1,0,0,0.037749,0,0.0,0.0,0.0,0,0,0,0,0.0,0.0,0.0,0,0,0,1,5.043239,5.043239,4.737997,1,0,1,0,0.0,0.0,0.0,0,0,0,1,2.653832,2.653832,0.281822,1,0,1,0,0.0,0.0,0.0,0,0,0,0,0.0,0.0,0.0,0,0,0,1,0.008318,0.008318,2.578224,1,0,1,0,0.0,0.0,0.0,0,0,0
0099,0011_20230322_115737,1679486268560035,010,person,19.803794,13.910235,5.913244,5.0,3,3.333333,1,5,crosswalk,1,0,0,0,0.028479,0,0.0,0.0,0.0,0,0,0,0,0.0,0.0,0.0,0,0,0,0,0.0,0.0,0.0,0,0,0,0,0.0,0.0,0.0,0,0,0,1,5.869609,5.869609,0.539123,1,0,1,0,0.0,0.0,0.0,0,0,0,0,0.0,0.0,0.0,0,0,0,0,0.0,0.0,0.0,0,0,0,0,0.0,0.0,0.0,0,0,0
0100,0012_20230322_120632,1679486825600035,000,person,-2.046469,0.574564,0.027984,5.0,3,3.333333,0,1,sidewalk,0,1,0,0,0.034534,0,0.0,0.0,0.0,0,0,0,0,0.0,0.0,0.0,0,0,0,0,0.0,0.0,0.0,0,0,0,0,0.0,0.0,0.0,0,0,0,0,0.0,0.0,0.0,0,0,0,0,0.0,0.0,0.0,0,0,0,0,0.0,0.0,0.0,0,0,0,0,0.0,0.0,0.0,0,0,0,0,0.0,0.0,0.0,0,0,0
0101,0012_20230322_120632,1679486825680035,001,person,12.060285,15.264663,0.019273,5.0,3,3.333333,2,1,sidewalk,0,1,0,0,0.025764,0,0.0,0.0,0.0,0,0,0,0,0.0,0.0,0.0,0,0,0,0,0.0,0.0,0.0,0,0,0,0,0.0,0.0,0.0,0,0,0,2,0.112273,0.056137,1.614079,1,0,2,0,0.0,0.0,0.0,0,0,0,0,0.0,0.0,0.0,0,0,0,0,0.0,0.0,0.0,0,0,0,0,0.0,0.0,0.0,0,0,0
0102,0012_20230322_120632,1679486829440035,002,person,13.397944,15.89855,0.005138,5.0,3,3.333333,3,1,sidewalk,0,1,0,0,0.010628,0,0.0,0.0,0.0,0,0,0,0,0.0,0.0,0.0,0,0,0,0,0.0,0.0,0.0,0,0,0,1,0.03031,0.03031,2.531223,0,0,1,2,2.221396,1.110698,1.179681,2,0,2,0,0.0,0.0,0.0,0,0,0,0,0.0,0.0,0.0,0,0,0,0,0.0,0.0,0.0,0,0,0,0,0.0,0.0,0.0,0,0,0
0104,0012_20230322_120632,1679486836960035,004,person,9.331831,10.022587,5.851636,5.0,3,3.333333,2,0,road,0,0,1,0,0.042902,0,0.0,0.0,0.0,0,0,0,0,0.0,0.0,0.0,0,0,0,0,0.0,0.0,0.0,0,0,0,1,4.706966,4.706966,2.111936,1,0,1,1,5.014625,5.014625,2.117504,1,0,1,0,0.0,0.0,0.0,0,0,0,0,0.0,0.0,0.0,0,0,0,0,0.0,0.0,0.0,0,0,0,0,0.0,0.0,0.0,0,0,0
0105,0012_20230322_120632,1679486808240035,005,person,7.274346,-8.424963,4.931007,5.0,3,3.333333,1,5,crosswalk,1,0,0,0,0.03039,0,0.0,0.0,0.0,0,0,0,0,0.0,0.0,0.0,0,0,0,0,0.0,0.0,0.0,0,0,0,0,0.0,0.0,0.0,0,0,0,1,4.513802,4.513802,0.727024,0,0,1,0,0.0,0.0,0.0,0,0,0,0,0.0,0.0,0.0,0,0,0,0,0.0,0.0,0.0,0,0,0,0,0.0,0.0,0.0,0,0,0
0106,0012_20230322_120632,1679486845520035,006,person,15.715002,18.187448,2.818522,5.0,3,3.333333,3,1,sidewalk,0,1,0,0,0.044099,1,3.257331,3.257331,4.82386,1,0,1,0,0.0,0.0,0.0,0,0,0,1,10.065151,10.065151,4.997638,0,1,0,0,0.0,0.0,0.0,0,0,0,1,4.320979,4.320979,0.707994,1,0,1,0,0.0,0.0,0.0,0,0,0,0,0.0,0.0,0.0,0,0,0,0,0.0,0.0,0.0,0,0,0,0,0.0,0.0,0.0,0,0,0
0107,0012_20230322_120632,1679486805040035,007,person,30.77074,7.957554,5.169619,5.0,3,3.333333,1,1,sidewalk,0,1,0,0,0.02145,0,0.0,0.0,0.0,0,0,0,0,0.0,0.0,0.0,0,0,0,0,0.0,0.0,0.0,0,0,0,0,0.0,0.0,0.0,0,0,0,1,5.999602,5.999602,0.217831,1,0,1,0,0.0,0.0,0.0,0,0,0,0,0.0,0.0,0.0,0,0,0,0,0.0,0.0,0.0,0,0,0,0,0.0,0.0,0.0,0,0,0
0109,0012_20230322_120632,1679486849560035,009,person,14.365671,15.646534,0.681033,5.0,3,3.333333,3,1,sidewalk,0,1,0,0,0.018267,0,0.0,0.0,0.0,0,0,0,1,13.583521,13.583521,4.205274,0,1,0,0,0.0,0.0,0.0,0,0,0,1,0.277784,0.277784,1.795627,1,0,1,1,1.304033,1.304033,0.371345,1,0,1,0,0.0,0.0,0.0,0,0,0,0,0.0,0.0,0.0,0,0,0,0,0.0,0.0,0.0,0,0,0,0,0.0,0.0,0.0,0,0,0
0110,0012_20230322_120632,1679486820880035,010,person,32.297687,3.058688,5.513699,5.0,3,3.333333,0,1,sidewalk,0,1,0,0,0.034465,0,0.0,0.0,0.0,0,0,0,0,0.0,0.0,0.0,0,0,0,0,0.0,0.0,0.0,0,0,0,0,0.0,0.0,0.0,0,0,0,0,0.0,0.0,0.0,0,0,0,0,0.0,0.0,0.0,0,0,0,0,0.0,0.0,0.0,0,0,0,0,0.0,0.0,0.0,0,0,0,0,0.0,0.0,0.0,0,0,0
0111,0012_20230322_120632,1679486799520035,011,person,30.811073,15.224415,5.407928,5.0,3,3.333333,1,2,ground,0,0,0,0,0.039077,0,0.0,0.0,0.0,0,0,0,0,0.0,0.0,0.0,0,0,0,0,0.0,0.0,0.0,0,0,0,0,0.0,0.0,0.0,0,0,0,1,5.637424,5.637424,0.578034,1,0,1,0,0.0,0.0,0.0,0,0,0,0,0.0,0.0,0.0,0,0,0,0,0.0,0.0,0.0,0,0,0,0,0.0,0.0,0.0,0,0,0
0112,0013_20230323_082718,1679560076199984,000,person,4.081567,-6.991493,5.272107,5.0,3,3.333333,0,5,crosswalk,1,0,0,0,0.03776,0,0.0,0.0,0.0,0,0,0,0,0.0,0.0,0.0,0,0,0,0,0.0,0.0,0.0,0,0,0,0,0.0,0.0,0.0,0,0,0,0,0.0,0.0,0.0,0,0,0,0,0.0,0.0,0.0,0,0,0,0,0.0,0.0,0.0,0,0,0,0,0.0,0.0,0.0,0,0,0,0,0.0,0.0,0.0,0,0,0
0113,0013_20230323_082718,1679560076199984,001,person,-2.974364,2.594502,0.372889,5.0,3,3.333333,0,1,sidewalk,0,1,0,0,0.004422,0,0.0,0.0,0.0,0,0,0,0,0.0,0.0,0.0,0,0,0,0,0.0,0.0,0.0,0,0,0,0,0.0,0.0,0.0,0,0,0,0,0.0,0.0,0.0,0,0,0,0,0.0,0.0,0.0,0,0,0,0,0.0,0.0,0.0,0,0,0,0,0.0,0.0,0.0,0,0,0,0,0.0,0.0,0.0,0,0,0
0114,0013_20230323_082718,1679560068079987,002,person,2.939412,23.086592,5.704161,5.0,3,3.333333,0,1,sidewalk,0,1,0,0,0.032053,0,0.0,0.0,0.0,0,0,0,0,0.0,0.0,0.0,0,0,0,0,0.0,0.0,0.0,0,0,0,0,0.0,0.0,0.0,0,0,0,0,0.0,0.0,0.0,0,0,0,0,0.0,0.0,0.0,0,0,0,0,0.0,0.0,0.0,0,0,0,0,0.0,0.0,0.0,0,0,0,0,0.0,0.0,0.0,0,0,0
0115,0013_20230323_082718,1679560046920026,003,person,3.16249,22.965825,5.558631,5.0,3,3.333333,0,1,sidewalk,0,1,0,0,0.015133,0,0.0,0.0,0.0,0,0,0,0,0.0,0.0,0.0,0,0,0,0,0.0,0.0,0.0,0,0,0,0,0.0,0.0,0.0,0,0,0,0,0.0,0.0,0.0,0,0,0,0,0.0,0.0,0.0,0,0,0,0,0.0,0.0,0.0,0,0,0,0,0.0,0.0,0.0,0,0,0,0,0.0,0.0,0.0,0,0,0
0116,0013_20230323_082718,1679560044840008,004,person,-12.563499,9.13498,6.525263,5.0,3,3.333333,0,1,sidewalk,0,1,0,0,0.019353,0,0.0,0.0,0.0,0,0,0,0,0.0,0.0,0.0,0,0,0,0,0.0,0.0,0.0,0,0,0,0,0.0,0.0,0.0,0,0,0,0,0.0,0.0,0.0,0,0,0,0,0.0,0.0,0.0,0,0,0,0,0.0,0.0,0.0,0,0,0,0,0.0,0.0,0.0,0,0,0,0,0.0,0.0,0.0,0,0,0
0118,0014_20230323_082848,1679560169560005,000,person,26.063973,7.274326,2.339683,5.0,3,3.333333,0,1,sidewalk,0,1,0,0,0.025063,0,0.0,0.0,0.0,0,0,0,0,0.0,0.0,0.0,0,0,0,0,0.0,0.0,0.0,0,0,0,0,0.0,0.0,0.0,0,0,0,0,0.0,0.0,0.0,0,0,0,0,0.0,0.0,0.0,0,0,0,0,0.0,0.0,0.0,0,0,0,0,0.0,0.0,0.0,0,0,0,0,0.0,0.0,0.0,0,0,0
0119,0014_20230323_082848,1679560169560005,001,person,-2.724251,1.9286,0.536367,5.0,3,3.333333,1,1,sidewalk,0,1,0,0,0.004434,0,0.0,0.0,0.0,0,0,0,0,0.0,0.0,0.0,0,0,0,0,0.0,0.0,0.0,0,0,0,0,0.0,0.0,0.0,0,0,0,0,0.0,0.0,0.0,0,0,0,0,0.0,0.0,0.0,0,0,0,1,4.427773,4.427773,4.456637,1,0,1,0,0.0,0.0,0.0,0,0,0,0,0.0,0.0,0.0,0,0,0
0120,0014_20230323_082848,1679560170320011,002,person,10.446483,16.042848,0.196091,5.0,3,3.333333,0,1,sidewalk,0,1,0,0,0.013223,0,0.0,0.0,0.0,0,0,0,0,0.0,0.0,0.0,0,0,0,0,0.0,0.0,0.0,0,0,0,0,0.0,0.0,0.0,0,0,0,0,0.0,0.0,0.0,0,0,0,0,0.0,0.0,0.0,0,0,0,0,0.0,0.0,0.0,0,0,0,0,0.0,0.0,0.0,0,0,0,0,0.0,0.0,0.0,0,0,0
0121,0014_20230323_082848,1679560185359990,003,person,8.916239,-8.717638,4.202513,5.0,3,3.333333,0,5,crosswalk,1,0,0,0,0.034517,0,0.0,0.0,0.0,0,0,0,0,0.0,0.0,0.0,0,0,0,0,0.0,0.0,0.0,0,0,0,0,0.0,0.0,0.0,0,0,0,0,0.0,0.0,0.0,0,0,0,0,0.0,0.0,0.0,0,0,0,0,0.0,0.0,0.0,0,0,0,0,0.0,0.0,0.0,0,0,0,0,0.0,0.0,0.0,0,0,0
0122,0015_20230323_083456,1679560532920026,000,person,-0.59488,-1.092229,0.133929,5.0,3,3.333333,6,1,sidewalk,0,1,0,0,0.019562,1,3.491505,3.491505,4.189657,1,0,1,2,1.386492,0.693246,2.129863,2,0,2,0,0.0,0.0,0.0,0,0,0,1,0.155461,0.155461,1.687338,1,0,1,1,1.101148,1.101148,1.830964,1,0,1,0,0.0,0.0,0.0,0,0,0,1,0.015116,0.015116,3.883048,1,0,1,0,0.0,0.0,0.0,0,0,0,0,0.0,0.0,0.0,0,0,0
0123,0015_20230323_083456,1679560532920026,001,person,-3.58558,1.384417,0.015116,5.0,3,3.333333,3,1,sidewalk,0,1,0,0,0.02848,0,0.0,0.0,0.0,0,0,0,1,0.155461,0.155461,2.904289,1,0,1,1,0.133929,0.133929,3.883048,1,0,1,0,0.0,0.0,0.0,0,0,0,0,0.0,0.0,0.0,0,0,0,1,1.101148,1.101148,2.327458,1,0,1,0,0.0,0.0,0.0,0,0,0,0,0.0,0.0,0.0,0,0,0,0,0.0,0.0,0.0,0,0,0
0124,0015_20230323_083456,1679560532920026,002,person,11.290058,15.574571,0.155475,5.0,3,3.333333,0,1,sidewalk,0,1,0,0,0.024003,0,0.0,0.0,0.0,0,0,0,0,0.0,0.0,0.0,0,0,0,0,0.0,0.0,0.0,0,0,0,0,0.0,0.0,0.0,0,0,0,0,0.0,0.0,0.0,0,0,0,0,0.0,0.0,0.0,0,0,0,0,0.0,0.0,0.0,0,0,0,0,0.0,0.0,0.0,0,0,0,0,0.0,0.0,0.0,0,0,0
0125,0015_20230323_083456,1679560533119996,003,person,-0.635858,-3.221678,0.374942,5.0,3,3.333333,5,1,sidewalk,0,1,0,0,0.016559,0,0.0,0.0,0.0,0,0,0,0,0.0,0.0,0.0,0,0,0,0,0.0,0.0,0.0,0,0,0,1,3.440838,3.440838,3.017887,1,0,1,1,0.916219,0.916219,0.786652,1,0,1,0,0.0,0.0,0.0,0,0,0,0,0.0,0.0,0.0,0,0,0,3,1.368338,0.456113,2.124845,3,0,3,0,0.0,0.0,0.0,0,0,0
0126,0015_20230323_083456,1679560530320011,004,person,-1.535913,0.313777,0.992372,5.0,3,3.333333,4,1,sidewalk,0,1,0,0,0.035017,0,0.0,0.0,0.0,0,0,0,1,0.073121,0.073121,3.887243,1,0,1,0,0.0,0.0,0.0,0,0,0,1,0.038447,0.038447,2.305393,1,0,1,2,1.204281,0.602141,1.670565,2,0,2,0,0.0,0.0,0.0,0,0,0,0,0.0,0.0,0.0,0,0,0,0,0.0,0.0,0.0,0,0,0,0,0.0,0.0,0.0,0,0,0
0127,0015_20230323_083456,1679560544840008,005,person,-2.464315,-2.723883,0.020092,5.0,3,3.333333,7,1,sidewalk,0,1,0,0,0.068377,0,0.0,0.0,0.0,0,0,0,0,0.0,0.0,0.0,0,0,0,0,0.0,0.0,0.0,0,0,0,0,0.0,0.0,0.0,0,0,0,2,1.038776,0.519388,1.4348,2,0,2,1,0.513707,0.513707,2.402236,1,0,1,0,0.0,0.0,0.0,0,0,0,2,0.252749,0.126375,3.426286,2,0,2,2,0.053929,0.026964,2.69714,2,0,2
0128,0015_20230323_083456,1679560550600014,006,person,-0.067086,-3.39412,0.706769,5.0,3,3.333333,3,1,sidewalk,0,1,0,0,0.034281,0,0.0,0.0,0.0,0,0,0,0,0.0,0.0,0.0,0,0,0,0,0.0,0.0,0.0,0,0,0,0,0.0,0.0,0.0,0,0,0,1,0.446721,0.446721,0.812057,1,0,1,0,0.0,0.0,0.0,0,0,0,1,4.808755,4.808755,2.895579,1,0,1,1,5.859256,5.859256,4.892071,1,0,1,0,0.0,0.0,0.0,0,0,0
0129,0015_20230323_083456,1679560515960035,007,person,2.50161,23.456056,4.068949,5.0,3,3.333333,0,1,sidewalk,0,1,0,0,0.015729,0,0.0,0.0,0.0,0,0,0,0,0.0,0.0,0.0,0,0,0,0,0.0,0.0,0.0,0,0,0,0,0.0,0.0,0.0,0,0,0,0,0.0,0.0,0.0,0,0,0,0,0.0,0.0,0.0,0,0,0,0,0.0,0.0,0.0,0,0,0,0,0.0,0.0,0.0,0,0,0,0,0.0,0.0,0.0,0,0,0
0130,0015_20230323_083456,1679560518760020,009,person,-2.420007,-0.338343,6.014664,5.0,3,3.333333,4,1,sidewalk,0,1,0,0,0.018773,0,0.0,0.0,0.0,0,0,0,0,0.0,0.0,0.0,0,0,0,0,0.0,0.0,0.0,0,0,0,0,0.0,0.0,0.0,0,0,0,1,0.266186,0.266186,1.154182,1,0,1,1,0.352836,0.352836,2.14549,1,0,1,0,0.0,0.0,0.0,0,0,0,2,0.129674,0.064837,1.946246,2,0,2,0,0.0,0.0,0.0,0,0,0
0131,0015_20230323_083456,1679560556199984,010,person,7.995468,11.727356,5.602387,5.0,3,3.333333,4,5,crosswalk,1,0,0,0,0.014666,2,10.28752,5.14376,3.230247,2,0,2,0,0.0,0.0,0.0,0,0,0,0,0.0,0.0,0.0,0,0,0,1,6.730296,6.730296,3.773294,1,0,1,1,5.698287,5.698287,1.599609,1,0,1,0,0.0,0.0,0.0,0,0,0,0,0.0,0.0,0.0,0,0,0,0,0.0,0.0,0.0,0,0,0,0,0.0,0.0,0.0,0,0,0
0132,0015_20230323_083456,1679560508640023,011,person,-3.804451,1.417545,0.016964,5.0,3,3.333333,3,1,sidewalk,0,1,0,0,0.02216,0,0.0,0.0,0.0,0,0,0,0,0.0,0.0,0.0,0,0,0,1,0.246434,0.246434,4.341053,1,0,1,0,0.0,0.0,0.0,0,0,0,1,0.203442,0.203442,0.448214,1,0,1,1,0.069138,0.069138,2.506448,1,0,1,0,0.0,0.0,0.0,0,0,0,0,0.0,0.0,0.0,0,0,0,0,0.0,0.0,0.0,0,0,0
0133,0015_20230323_083456,1679560548000000,012,person,-4.128882,-4.468204,5.09305,5.0,3,3.333333,3,1,sidewalk,0,1,0,0,0.040773,0,0.0,0.0,0.0,0,0,0,0,0.0,0.0,0.0,0,0,0,0,0.0,0.0,0.0,0,0,0,0,0.0,0.0,0.0,0,0,0,0,0.0,0.0,0.0,0,0,0,2,0.608988,0.304494,3.416975,2,0,2,0,0.0,0.0,0.0,0,0,0,0,0.0,0.0,0.0,0,0,0,1,4.173221,4.173221,3.637578,1,0,1
0134,0015_20230323_083456,1679560558359990,013,person,8.103986,11.563526,5.56122,5.0,3,3.333333,4,5,crosswalk,1,0,0,0,0.002982,0,0.0,0.0,0.0,0,0,0,0,0.0,0.0,0.0,0,0,0,0,0.0,0.0,0.0,0,0,0,0,0.0,0.0,0.0,0,0,0,1,5.570792,5.570792,0.044731,1,0,1,0,0.0,0.0,0.0,0,0,0,0,0.0,0.0,0.0,0,0,0,1,6.465748,6.465748,2.070384,1,0,1,2,10.535334,5.267667,3.218343,2,0,2
0135,0015_20230323_083456,1679560537039978,014,person,35.513095,12.215653,5.055198,5.0,3,3.333333,0,2,ground,0,0,0,0,0.015395,0,0.0,0.0,0.0,0,0,0,0,0.0,0.0,0.0,0,0,0,0,0.0,0.0,0.0,0,0,0,0,0.0,0.0,0.0,0,0,0,0,0.0,0.0,0.0,0,0,0,0,0.0,0.0,0.0,0,0,0,0,0.0,0.0,0.0,0,0,0,0,0.0,0.0,0.0,0,0,0,0,0.0,0.0,0.0,0,0,0
0136,0016_20230323_083733,1679560700640023,000,person,-1.077992,-0.040396,0.058794,5.0,3,3.333333,4,1,sidewalk,0,1,0,0,0.063393,0,0.0,0.0,0.0,0,0,0,0,0.0,0.0,0.0,0,0,0,0,0.0,0.0,0.0,0,0,0,0,0.0,0.0,0.0,0,0,0,3,0.66256,0.220853,1.072653,3,0,3,0,0.0,0.0,0.0,0,0,0,1,0.035847,0.035847,3.123249,1,0,1,0,0.0,0.0,0.0,0,0,0,0,0.0,0.0,0.0,0,0,0
0137,0016_20230323_083733,1679560699239993,001,person,-3.145072,2.290598,0.082009,5.0,3,3.333333,4,1,sidewalk,0,1,0,0,0.018584,0,0.0,0.0,0.0,0,0,0,1,0.121251,0.121251,2.458256,1,0,1,2,0.040056,0.020028,3.116569,2,0,2,0,0.0,0.0,0.0,0,0,0,1,0.027045,0.027045,1.170691,1,0,1,0,0.0,0.0,0.0,0,0,0,0,0.0,0.0,0.0,0,0,0,0,0.0,0.0,0.0,0,0,0,0,0.0,0.0,0.0,0,0,0
0138,0016_20230323_083733,1679560698480017,002,person,-2.534166,1.283586,0.03161,5.0,3,3.333333,4,1,sidewalk,0,1,0,0,0.057359,0,0.0,0.0,0.0,0,0,0,1,0.031435,0.031435,3.303233,1,0,1,0,0.0,0.0,0.0,0,0,0,0,0.0,0.0,0.0,0,0,0,3,0.237032,0.079011,1.165975,3,0,3,0,0.0,0.0,0.0,0,0,0,0,0.0,0.0,0.0,0,0,0,0,0.0,0.0,0.0,0,0,0,0,0.0,0.0,0.0,0,0,0
0139,0016_20230323_083733,1679560737039978,003,person,25.229224,7.17047,0.008381,5.0,3,3.333333,0,1,sidewalk,0,1,0,0,0.020451,0,0.0,0.0,0.0,0,0,0,0,0.0,0.0,0.0,0,0,0,0,0.0,0.0,0.0,0,0,0,0,0.0,0.0,0.0,0,0,0,0,0.0,0.0,0.0,0,0,0,0,0.0,0.0,0.0,0,0,0,0,0.0,0.0,0.0,0,0,0,0,0.0,0.0,0.0,0,0,0,0,0.0,0.0,0.0,0,0,0
0140,0016_20230323_083733,1679560706239993,004,person,-0.754354,-1.681376,0.020483,5.0,3,3.333333,6,1,sidewalk,0,1,0,0,0.058596,0,0.0,0.0,0.0,0,0,0,0,0.0,0.0,0.0,0,0,0,0,0.0,0.0,0.0,0,0,0,0,0.0,0.0,0.0,0,0,0,4,4.541714,1.135428,1.679178,4,0,4,0,0.0,0.0,0.0,0,0,0,1,0.015962,0.015962,4.646448,1,0,1,1,0.035213,0.035213,3.348852,1,0,1,0,0.0,0.0,0.0,0,0,0
0141,0016_20230323_083733,1679560726840008,005,person,-1.529894,-2.738764,2.445143,5.0,3,3.333333,4,1,sidewalk,0,1,0,0,0.033336,0,0.0,0.0,0.0,0,0,0,0,0.0,0.0,0.0,0,0,0,0,0.0,0.0,0.0,0,0,0,0,0.0,0.0,0.0,0,0,0,1,2.150832,2.150832,0.214705,1,0,1,1,4.059059,4.059059,1.673755,1,0,1,0,0.0,0.0,0.0,0,0,0,2,11.30443,5.652215,3.11998,2,0,2,0,0.0,0.0,0.0,0,0,0
0142,0016_20230323_083733,1679560727960035,007,person,0.384472,-1.293642,4.748175,5.0,3,3.333333,5,1,sidewalk,0,1,0,0,0.010836,0,0.0,0.0,0.0,0,0,0,0,0.0,0.0,0.0,0,0,0,0,0.0,0.0,0.0,0,0,0,0,0.0,0.0,0.0,0,0,0,1,3.690492,3.690492,1.541154,1,0,1,0,0.0,0.0,0.0,0,0,0,0,0.0,0.0,0.0,0,0,0,4,19.669422,4.917355,2.433254,4,0,4,0,0.0,0.0,0.0,0,0,0
0143,0016_20230323_083733,1679560699079987,008,person,-2.197043,0.024327,0.116958,5.0,3,3.333333,4,1,sidewalk,0,1,0,0,0.036538,0,0.0,0.0,0.0,0,0,0,0,0.0,0.0,0.0,0,0,0,0,0.0,0.0,0.0,0,0,0,0,0.0,0.0,0.0,0,0,0,3,0.084631,0.02821,1.115949,3,0,3,0,0.0,0.0,0.0,0,0,0,0,0.0,0.0,0.0,0,0,0,1,0.07022,0.07022,2.453125,1,0,1,0,0.0,0.0,0.0,0,0,0
0144,0016_20230323_083733,1679560663160005,009,person,18.392532,21.214161,4.729823,5.0,3,3.333333,2,1,sidewalk,0,1,0,0,0.016946,0,0.0,0.0,0.0,0,0,0,0,0.0,0.0,0.0,0,0,0,1,0.143051,0.143051,4.873764,0,1,0,0,0.0,0.0,0.0,0,0,0,1,4.98739,4.98739,1.20249,1,0,1,0,0.0,0.0,0.0,0,0,0,0,0.0,0.0,0.0,0,0,0,0,0.0,0.0,0.0,0,0,0,0,0.0,0.0,0.0,0,0,0
0145,0016_20230323_083733,1679560719000000,010,person,-3.991194,-4.269577,3.517216,5.0,3,3.333333,3,1,sidewalk,0,1,0,0,0.068872,0,0.0,0.0,0.0,0,0,0,0,0.0,0.0,0.0,0,0,0,0,0.0,0.0,0.0,0,0,0,0,0.0,0.0,0.0,0,0,0,0,0.0,0.0,0.0,0,0,0,1,0.105774,0.105774,2.844793,1,0,1,0,0.0,0.0,0.0,0,0,0,0,0.0,0.0,0.0,0,0,0,2,0.774629,0.387315,4.120832,2,0,2
0146,0016_20230323_083733,1679560689079987,011,person,14.048438,-12.577179,4.39156,5.0,3,3.333333,0,1,sidewalk,0,1,0,0,0.019038,0,0.0,0.0,0.0,0,0,0,0,0.0,0.0,0.0,0,0,0,0,0.0,0.0,0.0,0,0,0,0,0.0,0.0,0.0,0,0,0,0,0.0,0.0,0.0,0,0,0,0,0.0,0.0,0.0,0,0,0,0,0.0,0.0,0.0,0,0,0,0,0.0,0.0,0.0,0,0,0,0,0.0,0.0,0.0,0,0,0
0147,0016_20230323_083733,1679560705720011,012,person,-2.221769,-3.431446,2.525004,5.0,3,3.333333,5,1,sidewalk,0,1,0,0,0.026458,0,0.0,0.0,0.0,0,0,0,0,0.0,0.0,0.0,0,0,0,0,0.0,0.0,0.0,0,0,0,0,0.0,0.0,0.0,0,0,0,1,2.714647,2.714647,0.233781,1,0,1,0,0.0,0.0,0.0,0,0,0,0,0.0,0.0,0.0,0,0,0,4,0.188668,0.047167,2.285125,4,0,4,0,0.0,0.0,0.0,0,0,0
0148,0016_20230323_083733,1679560766920026,013,person,-3.629257,-3.986631,4.995781,5.0,3,3.333333,0,1,sidewalk,0,1,0,0,0.048537,0,0.0,0.0,0.0,0,0,0,0,0.0,0.0,0.0,0,0,0,0,0.0,0.0,0.0,0,0,0,0,0.0,0.0,0.0,0,0,0,0,0.0,0.0,0.0,0,0,0,0,0.0,0.0,0.0,0,0,0,0,0.0,0.0,0.0,0,0,0,0,0.0,0.0,0.0,0,0,0,0,0.0,0.0,0.0,0,0,0
0149,0016_20230323_083733,1679560767280002,014,person,-8.468041,-9.398172,4.7171,5.0,3,3.333333,0,1,sidewalk,0,1,0,0,0.049076,0,0.0,0.0,0.0,0,0,0,0,0.0,0.0,0.0,0,0,0,0,0.0,0.0,0.0,0,0,0,0,0.0,0.0,0.0,0,0,0,0,0.0,0.0,0.0,0,0,0,0,0.0,0.0,0.0,0,0,0,0,0.0,0.0,0.0,0,0,0,0,0.0,0.0,0.0,0,0,0,0,0.0,0.0,0.0,0,0,0
0150,0016_20230323_083733,1679560729800029,016,person,-1.124595,3.964813,6.852989,5.0,3,3.333333,8,5,crosswalk,1,0,0,0,0.023451,0,0.0,0.0,0.0,0,0,0,1,4.376569,4.376569,4.02048,1,0,1,1,5.967616,5.967616,3.4129,1,0,1,0,0.0,0.0,0.0,0,0,0,1,5.127415,5.127415,1.579731,1,0,1,3,17.684492,5.894831,2.31983,3,0,3,0,0.0,0.0,0.0,0,0,0,1,5.460707,5.460707,2.746397,1,0,1,1,5.789389,5.789389,4.226865,1,0,1
0151,0016_20230323_083733,1679560733680002,017,person,4.516267,9.121083,5.124079,5.0,3,3.333333,10,5,crosswalk,1,0,0,0,0.000866,2,10.558637,5.279318,4.571028,2,0,2,1,4.41459,4.41459,2.949298,1,0,1,0,0.0,0.0,0.0,0,0,0,1,7.161836,7.161836,1.963673,1,0,1,4,21.530595,5.382649,1.420608,4,0,4,1,5.586688,5.586688,3.356256,1,0,1,0,0.0,0.0,0.0,0,0,0,0,0.0,0.0,0.0,0,0,0,1,5.878802,5.878802,2.972212,1,0,1
0152,0016_20230323_083733,1679560666480017,018,person,34.851503,12.985003,5.566912,5.0,3,3.333333,0,1,sidewalk,0,1,0,0,0.046179,0,0.0,0.0,0.0,0,0,0,0,0.0,0.0,0.0,0,0,0,0,0.0,0.0,0.0,0,0,0,0,0.0,0.0,0.0,0,0,0,0,0.0,0.0,0.0,0,0,0,0,0.0,0.0,0.0,0,0,0,0,0.0,0.0,0.0,0,0,0,0,0.0,0.0,0.0,0,0,0,0,0.0,0.0,0.0,0,0,0
0153,0016_20230323_083733,1679560659800029,019,person,17.009298,18.721901,0.940957,5.0,3,3.333333,1,1,sidewalk,0,1,0,0,0.016071,0,0.0,0.0,0.0,0,0,0,0,0.0,0.0,0.0,0,0,0,0,0.0,0.0,0.0,0,0,0,0,0.0,0.0,0.0,0,0,0,1,4.785945,4.785945,1.667136,1,0,1,0,0.0,0.0,0.0,0,0,0,0,0.0,0.0,0.0,0,0,0,0,0.0,0.0,0.0,0,0,0,0,0.0,0.0,0.0,0,0,0
0154,0016_20230323_083733,1679560658800029,020,person,19.557773,22.1719,4.980019,5.0,3,3.333333,3,1,sidewalk,0,1,0,0,0.035966,1,2.265418,2.265418,4.680018,1,0,1,0,0.0,0.0,0.0,0,0,0,1,2.518785,2.518785,4.563887,0,1,0,0,0.0,0.0,0.0,0,0,0,0,0.0,0.0,0.0,0,0,0,0,0.0,0.0,0.0,0,0,0,0,0.0,0.0,0.0,0,0,0,0,0.0,0.0,0.0,0,0,0,1,7.017049,7.017049,4.02011,1,0,1
0155,0016_20230323_083733,1679560658320011,021,person,21.370859,24.732536,6.265144,5.0,3,3.333333,1,1,sidewalk,0,1,0,0,0.054364,1,5.120433,5.120433,3.808215,1,0,1,0,0.0,0.0,0.0,0,0,0,0,0.0,0.0,0.0,0,0,0,0,0.0,0.0,0.0,0,0,0,0,0.0,0.0,0.0,0,0,0,0,0.0,0.0,0.0,0,0,0,0,0.0,0.0,0.0,0,0,0,0,0.0,0.0,0.0,0,0,0,0,0.0,0.0,0.0,0,0,0
0156,0016_20230323_083733,1679560735760020,022,person,5.7322,9.85555,5.446394,5.0,3,3.333333,10,5,crosswalk,1,0,0,0,0.001573,1,5.394626,5.394626,2.998565,1,0,1,1,5.48354,5.48354,3.075788,1,0,1,0,0.0,0.0,0.0,0,0,0,0,0.0,0.0,0.0,0,0,0,4,18.576959,4.64424,0.703305,4,0,4,1,6.412193,6.412193,2.43304,1,0,1,0,0.0,0.0,0.0,0,0,0,1,5.228608,5.228608,3.142494,1,0,1,2,11.472689,5.736344,4.902279,2,0,2
